year,season,fishery,area,index
1952,1,32,1,1.62033705495414e-06
1952,2,32,1,6.70734410165654e-07
1952,3,32,1,1.13517903875422e-06
1952,4,32,1,1.80413134558123e-06
1953,1,32,1,1.04661117693446e-06
1953,2,32,1,1.22172021862819e-06
1953,3,32,1,9.22527622588309e-07
1953,4,32,1,1.27436755552886e-06
1954,1,32,1,1.23906295258223e-06
1954,2,32,1,1.25907379970732e-06
1954,3,32,1,8.48988685540022e-07
1954,4,32,1,1.77554715265732e-06
1955,1,32,1,8.79422087436496e-07
1955,2,32,1,8.60732466465094e-07
1955,3,32,1,5.50225567274938e-07
1955,4,32,1,1.78558227439723e-06
1956,1,32,1,1.61141684092933e-06
1956,2,32,1,5.79817084731631e-07
1956,3,32,1,6.85020330348672e-07
1956,4,32,1,1.07070671657603e-06
1957,1,32,1,7.01301294242743e-07
1957,2,32,1,7.64382131206786e-07
1957,3,32,1,9.56671488009569e-07
1957,4,32,1,1.00747424159513e-06
1958,1,32,1,5.24645124787453e-07
1958,2,32,1,1.02635563015499e-06
1958,3,32,1,1.00858050255552e-06
1958,4,32,1,2.04033511498434e-06
1959,1,32,1,2.11471590373335e-06
1959,2,32,1,1.56261014811611e-06
1959,3,32,1,2.14643716565433e-06
1959,4,32,1,2.43303291384781e-06
1960,1,32,1,1.4746573912037e-06
1960,2,32,1,1.20753819647978e-06
1960,3,32,1,1.95342757060856e-06
1960,4,32,1,1.49070677729281e-06
1961,1,32,1,1.09516243764588e-06
1961,2,32,1,1.29815994744814e-06
1961,3,32,1,8.35709851668796e-07
1961,4,32,1,1.5250040120265e-06
1962,1,32,1,1.68235902896602e-06
1962,2,32,1,8.21931540611907e-07
1962,3,32,1,1.42860796625151e-06
1962,4,32,1,1.45359582095123e-06
1963,1,32,1,9.09286460163586e-07
1963,2,32,1,3.89536002893683e-07
1963,3,32,1,6.78633696395617e-07
1963,4,32,1,1.122038884169e-06
1964,1,32,1,1.0095118375375e-06
1964,2,32,1,1.00457293436205e-06
1964,3,32,1,1.22435054510131e-06
1964,4,32,1,1.79247267638768e-06
1965,1,32,1,1.33295700744465e-06
1965,2,32,1,7.61267764846101e-07
1965,3,32,1,1.19418831480004e-06
1965,4,32,1,1.64370889250983e-06
1966,1,32,1,1.68632535792219e-06
1966,2,32,1,1.26099647155353e-06
1966,3,32,1,1.56520233731603e-06
1966,4,32,1,1.39953207667744e-06
1967,1,32,1,9.56870268157299e-07
1967,2,32,1,5.59110596702567e-07
1967,3,32,1,6.9887631254592e-07
1967,4,32,1,1.17077465768754e-06
1968,1,32,1,9.13755937419361e-07
1968,2,32,1,6.6949994597709e-07
1968,3,32,1,6.04376233808609e-07
1968,4,32,1,6.77082786463646e-07
1969,1,32,1,7.63582935080941e-07
1969,2,32,1,7.10893365423142e-07
1969,3,32,1,1.2248486116511e-06
1969,4,32,1,1.45466507801289e-06
1970,1,32,1,1.48571161672726e-06
1970,2,32,1,1.45731870713893e-06
1970,3,32,1,1.44583077406897e-06
1970,4,32,1,1.77021687143154e-06
1971,1,32,1,1.0644474804386e-06
1971,2,32,1,9.48269071960977e-07
1971,3,32,1,1.0359258098171e-06
1971,4,32,1,1.12775282898891e-06
1972,1,32,1,7.2401820417681e-07
1972,2,32,1,8.06984124285963e-07
1972,3,32,1,7.92617817370976e-07
1972,4,32,1,8.72477012020201e-07
1973,1,32,1,5.00456776992162e-07
1973,2,32,1,8.57635218279268e-07
1973,3,32,1,7.95241202576777e-07
1973,4,32,1,1.33838719683608e-06
1974,1,32,1,1.13282532406381e-06
1974,2,32,1,6.99596540692995e-07
1974,3,32,1,6.05404952178162e-07
1974,4,32,1,9.18203846796706e-07
1975,1,32,1,8.82760081268957e-07
1975,2,32,1,4.92730097375577e-07
1975,3,32,1,6.49460965022934e-07
1975,4,32,1,9.13972043506364e-07
1976,1,32,1,1.04087197435256e-06
1976,2,32,1,6.34050313762553e-07
1976,3,32,1,8.01418868578406e-07
1976,4,32,1,9.29359230722032e-07
1977,1,32,1,9.35283687938109e-07
1977,2,32,1,8.62129764097194e-07
1977,3,32,1,7.96240836557129e-07
1977,4,32,1,1.26395050304658e-06
1978,1,32,1,1.10317166767595e-06
1978,2,32,1,1.18857666247679e-06
1978,3,32,1,1.14466832599649e-06
1978,4,32,1,1.75959326275231e-06
1979,1,32,1,1.33345555100979e-06
1979,2,32,1,1.01303077542672e-06
1979,3,32,1,7.80026331415196e-07
1979,4,32,1,1.14732423448831e-06
1980,1,32,1,1.26736064406976e-06
1980,2,32,1,1.36638643487764e-06
1980,3,32,1,1.12293771677895e-06
1980,4,32,1,1.20813068653699e-06
1981,1,32,1,7.71350217133499e-07
1981,2,32,1,7.54711155707883e-07
1981,3,32,1,7.83690660965795e-07
1981,4,32,1,8.23656462058645e-07
1982,1,32,1,7.44468019704195e-07
1982,2,32,1,8.65288920645485e-07
1982,3,32,1,6.29911032794123e-07
1982,4,32,1,1.35184544390728e-06
1983,1,32,1,8.29219516147985e-07
1983,2,32,1,9.0778052526374e-07
1983,3,32,1,8.0900545885772e-07
1983,4,32,1,1.158708080849e-06
1984,1,32,1,1.21320546088091e-06
1984,2,32,1,5.73926968500898e-07
1984,3,32,1,5.69226430476369e-07
1984,4,32,1,8.28140007772705e-07
1985,1,32,1,8.07854405429522e-07
1985,2,32,1,4.97130058094207e-07
1985,3,32,1,4.99049106055439e-07
1985,4,32,1,6.08310137576428e-07
1986,1,32,1,1.39677676952753e-06
1986,2,32,1,1.06142737847732e-06
1986,3,32,1,8.26157647911041e-07
1986,4,32,1,1.00073230505343e-06
1987,1,32,1,6.38361468422636e-07
1987,2,32,1,9.52149510508145e-07
1987,3,32,1,6.73352134249122e-07
1987,4,32,1,1.05256125212424e-06
1988,1,32,1,8.98106842482399e-07
1988,2,32,1,6.64629780824586e-07
1988,3,32,1,1.18117058387931e-06
1988,4,32,1,1.25041040378796e-06
1989,1,32,1,9.16833614000478e-07
1989,2,32,1,8.07139798705152e-07
1989,3,32,1,8.73233074424811e-07
1989,4,32,1,8.32943667834975e-07
1990,1,32,1,7.40175919994394e-07
1990,2,32,1,6.95319507533489e-07
1990,3,32,1,5.38980687121257e-07
1990,4,32,1,7.78980552051322e-07
1991,1,32,1,1.04804551686369e-06
1991,2,32,1,1.05902138969936e-06
1991,3,32,1,7.468174438447e-07
1991,4,32,1,5.67088394528444e-07
1992,1,32,1,6.22976675762693e-07
1992,2,32,1,6.36104909335768e-07
1992,3,32,1,6.92129939268326e-07
1992,4,32,1,1.26387583989211e-06
1993,1,32,1,1.1033908059958e-06
1993,2,32,1,8.49732728609372e-07
1993,3,32,1,1.67865594374653e-06
1993,4,32,1,1.42357708623984e-06
1994,1,32,1,9.82897489154313e-07
1994,2,32,1,5.56519021221721e-07
1994,3,32,1,4.65739474368452e-07
1994,4,32,1,1.49996135360021e-06
1995,1,32,1,1.43330729034231e-06
1995,2,32,1,8.93454858181473e-07
1995,3,32,1,5.73998672712089e-07
1995,4,32,1,6.46930932916737e-07
1996,1,32,1,5.61205574320351e-07
1996,2,32,1,4.8977875147334e-07
1996,3,32,1,5.85888781228768e-07
1996,4,32,1,8.37868098895226e-07
1997,1,32,1,8.68421200545196e-07
1997,2,32,1,6.73730251917243e-07
1997,3,32,1,7.5723372733363e-07
1997,4,32,1,6.51815580717437e-07
1998,1,32,1,9.9761156750904e-07
1998,2,32,1,9.27096670456924e-07
1998,3,32,1,7.04221941350932e-07
1998,4,32,1,9.76398868402822e-07
1999,1,32,1,5.30226480052745e-07
1999,2,32,1,3.33186249787153e-07
1999,3,32,1,3.41008315208241e-07
1999,4,32,1,9.00570373775396e-07
2000,1,32,1,1.1649902120099e-06
2000,2,32,1,4.54703089058955e-07
2000,3,32,1,3.57573988144415e-07
2000,4,32,1,6.73475454503413e-07
2001,1,32,1,5.75403659216819e-07
2001,2,32,1,3.88337436827281e-07
2001,3,32,1,2.76272336181705e-07
2001,4,32,1,3.10665662676198e-07
2002,1,32,1,3.06677682214129e-07
2002,2,32,1,2.69221064862459e-07
2002,3,32,1,3.18716647152613e-07
2002,4,32,1,5.54129333483536e-07
2003,1,32,1,7.44692695983771e-07
2003,2,32,1,6.12707520664841e-07
2003,3,32,1,2.63884346336074e-07
2003,4,32,1,4.64635698817281e-07
2004,1,32,1,2.32350815649633e-07
2004,2,32,1,1.91568330861271e-07
2004,3,32,1,2.92350761373231e-07
2004,4,32,1,2.97120924629911e-07
2005,1,32,1,3.76096124793817e-07
2005,2,32,1,2.34951769624698e-07
2005,3,32,1,4.175919083221e-07
2005,4,32,1,3.42600050073512e-07
2006,1,32,1,5.01751604615113e-07
2006,2,32,1,3.91225162362333e-07
2006,3,32,1,2.50529268663093e-07
2006,4,32,1,2.60896393612787e-07
2007,1,32,1,4.21110637623054e-07
2007,2,32,1,1.66229173215412e-07
2007,3,32,1,1.60384301858584e-07
2007,4,32,1,3.20602806587936e-07
2008,1,32,1,4.63452990430999e-07
2008,2,32,1,2.74991795380027e-07
2008,3,32,1,2.52870925815755e-07
2008,4,32,1,3.84262192078915e-07
2009,1,32,1,3.11046613102361e-07
2009,2,32,1,1.80577007299481e-07
2009,3,32,1,2.07896851495239e-07
2009,4,32,1,2.1086982001648e-07
2010,1,32,1,3.74592224592863e-07
2010,2,32,1,3.29147804968478e-07
2010,3,32,1,3.10637169232275e-07
2010,4,32,1,3.36695015790586e-07
2011,1,32,1,3.86833154587931e-07
2011,2,32,1,3.63526978244354e-07
2011,3,32,1,2.96846435856019e-07
2011,4,32,1,3.73747585612495e-07
2012,1,32,1,4.94395854329598e-07
2012,2,32,1,2.54127470016816e-07
2012,3,32,1,1.7957055404147e-07
2012,4,32,1,3.26553849722723e-07
2013,1,32,1,2.84743317125676e-07
2013,2,32,1,3.06023592149539e-07
2013,3,32,1,1.30173825033398e-07
2013,4,32,1,3.47953921466773e-07
2014,1,32,1,3.45586153913225e-07
2014,2,32,1,2.87340926433139e-07
2014,3,32,1,2.93930232384746e-07
2014,4,32,1,4.03969265647467e-07
2015,1,32,1,6.224780174975e-07
2015,2,32,1,3.40509809603662e-07
2015,3,32,1,3.65190094978212e-07
2015,4,32,1,4.60522782993456e-07
2016,1,32,1,8.56619737970389e-07
2016,2,32,1,4.20066792775012e-07
2016,3,32,1,3.8866082391654e-07
2016,4,32,1,8.48212590939983e-07
2017,1,32,1,5.58319055059622e-07
2017,2,32,1,3.45496013039751e-07
2017,3,32,1,6.67938469791274e-07
2017,4,32,1,6.7898158744168e-07
2018,1,32,1,4.68615131210942e-07
2018,2,32,1,4.93729602789612e-07
2018,3,32,1,3.04022889401586e-07
2018,4,32,1,6.07153017478822e-07
2019,1,32,1,6.6611704875556e-07
2019,2,32,1,6.59966408503254e-07
2019,3,32,1,5.34676750493322e-07
2019,4,32,1,6.86315200612487e-07
2020,1,32,1,3.00529294542313e-07
2020,2,32,1,3.80854846454025e-07
2020,3,32,1,4.89788296064404e-07
2020,4,32,1,5.909126491335e-07
2021,1,32,1,6.90305765189141e-07
2021,2,32,1,3.96629196403778e-07
2021,3,32,1,5.32362787522524e-07
2021,4,32,1,6.08935968442257e-07
2022,1,32,1,4.4809614341339e-07
2022,2,32,1,4.22778097217097e-07
2022,3,32,1,4.75206875151276e-07
2022,4,32,1,5.87077626402624e-07
2023,1,32,1,5.53147020280528e-07
2023,2,32,1,3.58579718002369e-07
2023,3,32,1,3.72572028958795e-07
2023,4,32,1,7.49197404813311e-07
2024,1,32,1,9.51638174863164e-07
2024,2,32,1,7.62076650917155e-07
2024,3,32,1,6.29378809490643e-07
2024,4,32,1,7.20839435393263e-07
1952,1,33,2,2.52417146780991e-06
1952,2,33,2,2.12268041126719e-06
1952,3,33,2,2.04528641790086e-06
1952,4,33,2,2.12888115195079e-08
1953,1,33,2,1.81268993797027e-06
1953,2,33,2,3.05859734647473e-06
1953,3,33,2,1.78359127553889e-06
1953,4,33,2,1.35031943381658e-06
1954,1,33,2,1.82594953956439e-06
1954,2,33,2,1.89479999453064e-06
1954,3,33,2,1.22215378963984e-06
1954,4,33,2,2.09990420369823e-06
1955,1,33,2,1.4192177558659e-06
1955,2,33,2,1.01188233056355e-08
1955,3,33,2,1.16888031688719e-06
1955,4,33,2,2.22200220034119e-06
1956,1,33,2,1.82444985271622e-06
1956,2,33,2,2.1047616375054e-06
1956,3,33,2,1.11560614181647e-06
1956,4,33,2,2.06194384581945e-06
1957,1,33,2,1.45072776259135e-06
1957,2,33,2,2.21364276256939e-06
1957,3,33,2,1.49364256552698e-06
1957,4,33,2,1.7763398724887e-06
1958,1,33,2,1.17505999205591e-06
1958,2,33,2,2.23079630715227e-06
1958,3,33,2,5.7855986992119e-07
1958,4,33,2,1.94815090177953e-06
1959,1,33,2,1.17450515185421e-06
1959,2,33,2,2.16844024193344e-06
1959,3,33,2,3.70418726177222e-06
1959,4,33,2,2.2502180509784e-06
1960,1,33,2,1.77538411847277e-06
1960,2,33,2,2.79862048193477e-06
1960,3,33,2,1.02128915799121e-06
1960,4,33,2,2.18825024069895e-06
1961,1,33,2,1.42941897062274e-06
1961,2,33,2,2.28564899360326e-06
1961,3,33,2,1.94811498684422e-06
1961,4,33,2,2.69307419318282e-06
1962,1,33,2,1.21338620310446e-06
1962,2,33,2,1.48236996875256e-06
1962,3,33,2,1.62533519885988e-06
1962,4,33,2,1.85409001482257e-06
1963,1,33,2,1.44916408555396e-06
1963,2,33,2,1.21165903250429e-06
1963,3,33,2,1.22823732012569e-06
1963,4,33,2,1.67638936262218e-06
1964,1,33,2,1.61074527421982e-06
1964,2,33,2,1.97426705331419e-06
1964,3,33,2,1.42790973843487e-06
1964,4,33,2,1.36123853409686e-06
1965,1,33,2,1.01842288117357e-06
1965,2,33,2,1.23574313846115e-06
1965,3,33,2,1.18693146903028e-06
1965,4,33,2,1.61631041820444e-06
1966,1,33,2,1.39702698170088e-06
1966,2,33,2,1.35315907517952e-06
1966,3,33,2,1.7615357439549e-06
1966,4,33,2,1.3842240782062e-06
1967,1,33,2,1.45653705918854e-06
1967,2,33,2,1.01544987159147e-06
1967,3,33,2,1.15706299678079e-06
1967,4,33,2,1.64048351910104e-06
1968,1,33,2,1.36522810375442e-06
1968,2,33,2,1.14818990812747e-06
1968,3,33,2,6.35204707658736e-07
1968,4,33,2,7.81667541417095e-07
1969,1,33,2,8.34077989131391e-07
1969,2,33,2,8.777787572754e-07
1969,3,33,2,8.90802393573044e-09
1969,4,33,2,1.63862717626523e-06
1970,1,33,2,1.05372866126695e-06
1970,2,33,2,1.61223076255385e-06
1970,3,33,2,7.35030443651702e-07
1970,4,33,2,1.32818357819374e-06
1971,1,33,2,1.10547913742915e-06
1971,2,33,2,1.03958449204001e-06
1971,3,33,2,7.82438933449368e-07
1971,4,33,2,1.29189206873776e-06
1972,1,33,2,1.08676705840266e-06
1972,2,33,2,6.9090329493153e-07
1972,3,33,2,8.37575880183477e-07
1972,4,33,2,1.386556425136e-06
1973,1,33,2,1.2118103544396e-06
1973,2,33,2,1.60538908835667e-06
1973,3,33,2,1.09056262863316e-06
1973,4,33,2,1.11063723511122e-06
1974,1,33,2,9.97916201699741e-07
1974,2,33,2,8.34659191741484e-07
1974,3,33,2,7.62358300755893e-07
1974,4,33,2,1.61507871750911e-06
1975,1,33,2,1.11480587247815e-06
1975,2,33,2,1.45464833652398e-06
1975,3,33,2,1.19072661701853e-06
1975,4,33,2,1.58844329866147e-06
1976,1,33,2,1.21600401391569e-06
1976,2,33,2,1.20953583296009e-06
1976,3,33,2,1.16557170971671e-06
1976,4,33,2,1.37676183204191e-06
1977,1,33,2,1.43078563368294e-06
1977,2,33,2,1.1999853180214e-06
1977,3,33,2,9.50492602630313e-07
1977,4,33,2,8.55905461326863e-07
1978,1,33,2,9.9055840017669e-07
1978,2,33,2,1.76304353678459e-06
1978,3,33,2,1.01249453420651e-06
1978,4,33,2,9.10416713029263e-07
1979,1,33,2,7.92310647180781e-07
1979,2,33,2,1.02708623395757e-06
1979,3,33,2,7.11508120996738e-07
1979,4,33,2,9.90707414495439e-07
1980,1,33,2,8.47857480956384e-07
1980,2,33,2,1.58016357074129e-06
1980,3,33,2,7.16419055662648e-07
1980,4,33,2,1.09782540981785e-06
1981,1,33,2,6.66429527368293e-07
1981,2,33,2,8.75944335857731e-07
1981,3,33,2,6.14832511673034e-07
1981,4,33,2,6.15653159482131e-07
1982,1,33,2,5.09979523598425e-07
1982,2,33,2,6.14438089423023e-07
1982,3,33,2,4.33158364060211e-07
1982,4,33,2,6.87904336993409e-07
1983,1,33,2,5.2112979504317e-07
1983,2,33,2,7.28570932588325e-07
1983,3,33,2,5.14998289499137e-07
1983,4,33,2,9.04393747980578e-07
1984,1,33,2,6.78574292585441e-07
1984,2,33,2,8.3079214749134e-07
1984,3,33,2,6.9408942855825e-07
1984,4,33,2,7.00086547762339e-07
1985,1,33,2,5.4217852257212e-07
1985,2,33,2,1.52547493697349e-06
1985,3,33,2,5.75638719089879e-07
1985,4,33,2,7.67288296324829e-07
1986,1,33,2,5.96965894209863e-07
1986,2,33,2,9.60813640984073e-07
1986,3,33,2,7.98034299648015e-07
1986,4,33,2,1.03137730305685e-06
1987,1,33,2,9.32070230768447e-07
1987,2,33,2,8.79681736006029e-07
1987,3,33,2,1.05719264025034e-06
1987,4,33,2,8.17000100729713e-07
1988,1,33,2,5.6366174001099e-07
1988,2,33,2,7.72976340072273e-07
1988,3,33,2,4.37209664628364e-07
1988,4,33,2,9.78785382219352e-07
1989,1,33,2,4.73493876789732e-07
1989,2,33,2,6.30460459732517e-07
1989,3,33,2,5.59351039214117e-07
1989,4,33,2,5.150793093571e-07
1990,1,33,2,9.08863165633154e-07
1990,2,33,2,9.76522425103252e-07
1990,3,33,2,8.46801942607396e-07
1990,4,33,2,4.08143569844644e-07
1991,1,33,2,3.61348106806949e-07
1991,2,33,2,4.60919525840158e-07
1991,3,33,2,5.87112119504555e-07
1991,4,33,2,4.29710394511278e-07
1992,1,33,2,2.47705409910903e-07
1992,2,33,2,6.02724239190815e-07
1992,3,33,2,3.52812820706227e-07
1992,4,33,2,3.12183028068825e-07
1993,1,33,2,2.29550735620965e-07
1993,2,33,2,4.46170546030369e-07
1993,3,33,2,7.99638908426298e-07
1993,4,33,2,5.59869495738399e-07
1994,1,33,2,4.41664675987516e-07
1994,2,33,2,2.64373677980525e-07
1994,3,33,2,5.81941225344832e-07
1994,4,33,2,3.05808741055852e-07
1995,1,33,2,2.90054713891639e-07
1995,2,33,2,4.5613393389018e-07
1995,3,33,2,3.03869547067392e-07
1995,4,33,2,1.87047368581469e-07
1996,1,33,2,1.40240217984568e-07
1996,2,33,2,1.16618586376739e-06
1996,3,33,2,4.9768809496043e-07
1996,4,33,2,1.31097610998952e-07
1997,1,33,2,2.03048931730287e-07
1997,2,33,2,6.19620609196194e-07
1997,3,33,2,4.80605863186302e-07
1997,4,33,2,3.89544458157442e-07
1998,1,33,2,2.14276168277463e-07
1998,2,33,2,4.36979166947578e-07
1998,3,33,2,1.27438616171757e-06
1998,4,33,2,2.00520485349316e-07
1999,1,33,2,2.19127605976648e-07
1999,2,33,2,3.09063080556173e-07
1999,3,33,2,4.24992608649495e-07
1999,4,33,2,1.05243846878675e-06
2000,1,33,2,6.31854520216271e-07
2000,2,33,2,3.34804369362117e-07
2000,3,33,2,3.19071727101089e-07
2000,4,33,2,1.95498809291851e-07
2001,1,33,2,6.1746967177265e-07
2001,2,33,2,5.83835502840361e-07
2001,3,33,2,2.45071697114008e-07
2001,4,33,2,4.17420878029658e-07
2002,1,33,2,2.70745914268281e-07
2002,2,33,2,4.3024886375156e-07
2002,3,33,2,2.39208513888221e-07
2002,4,33,2,3.96198721982991e-07
2003,1,33,2,6.38360622499073e-07
2003,2,33,2,8.67212065413211e-07
2003,3,33,2,2.75221593354769e-07
2003,4,33,2,2.40970430951741e-07
2004,1,33,2,3.40384131112896e-07
2004,2,33,2,6.8050844547015e-07
2004,3,33,2,2.55200269272061e-07
2004,4,33,2,3.29505261258612e-07
2005,1,33,2,4.17506603124917e-07
2005,2,33,2,5.16939047621891e-07
2005,3,33,2,3.48876782275779e-07
2005,4,33,2,3.43270394435605e-07
2006,1,33,2,6.56989988098317e-07
2006,2,33,2,4.45563468530704e-07
2006,3,33,2,4.96719298928498e-07
2006,4,33,2,3.3372116140091e-07
2007,1,33,2,3.20455437779905e-07
2007,2,33,2,5.61442937570801e-07
2007,3,33,2,2.61083252659899e-07
2007,4,33,2,9.51696012169242e-07
2008,1,33,2,4.43322157059564e-07
2008,2,33,2,5.26110482065392e-07
2008,3,33,2,2.99759733542249e-07
2008,4,33,2,3.46124957088284e-07
2009,1,33,2,3.3261130514468e-07
2009,2,33,2,3.43997980965696e-07
2009,3,33,2,2.96892727406996e-07
2009,4,33,2,1.12491069158549e-07
2010,1,33,2,3.67607150386056e-07
2010,2,33,2,5.7686760981017e-07
2010,3,33,2,2.24444770909662e-07
2010,4,33,2,3.56089245253948e-07
2011,1,33,2,3.92474263787073e-07
2011,2,33,2,3.7455997387204e-07
2011,3,33,2,1.2338117678962e-07
2011,4,33,2,1.86564290642563e-07
2012,1,33,2,1.85423694078888e-07
2012,2,33,2,1.62238391680145e-07
2012,3,33,2,2.41440137155504e-07
2012,4,33,2,1.91101235058378e-07
2013,1,33,2,1.99784946428439e-07
2013,2,33,2,4.87281645626271e-07
2013,3,33,2,3.05786122857936e-07
2013,4,33,2,1.48435204854061e-07
2014,1,33,2,3.72144644439967e-07
2014,2,33,2,2.97321879337387e-07
2014,3,33,2,3.89060475407691e-07
2014,4,33,2,2.16190198653915e-07
2015,1,33,2,3.11995992060607e-07
2015,2,33,2,2.87013109070258e-07
2015,3,33,2,2.55046255642299e-07
2015,4,33,2,4.03512137447757e-07
2016,1,33,2,4.67501499405246e-07
2016,2,33,2,6.26352353827899e-07
2016,3,33,2,3.78629273230735e-07
2016,4,33,2,3.63545224892403e-07
2017,1,33,2,3.96339983905861e-07
2017,2,33,2,2.61286376890909e-07
2017,3,33,2,2.61940940419048e-07
2017,4,33,2,3.41801281086583e-07
2018,1,33,2,2.98459237483858e-07
2018,2,33,2,4.59908712452322e-07
2018,3,33,2,4.59208934222548e-07
2018,4,33,2,6.84227290024441e-07
2019,1,33,2,4.5968366021823e-07
2019,2,33,2,4.67124731303465e-07
2019,3,33,2,3.04112396478585e-07
2019,4,33,2,5.2737869691607e-07
2020,1,33,2,2.24204701077101e-07
2020,2,33,2,2.21728030474928e-07
2020,3,33,2,1.72696247898816e-07
2020,4,33,2,2.69019077615276e-07
2021,1,33,2,4.74191169592614e-07
2021,2,33,2,3.45336403523165e-07
2021,3,33,2,1.56667945246608e-07
2021,4,33,2,2.18435896878958e-07
2022,1,33,2,3.50803685462113e-07
2022,2,33,2,2.85547323989653e-07
2022,3,33,2,3.05701073570052e-07
2022,4,33,2,3.38241761053905e-07
2023,1,33,2,2.70482177785451e-07
2023,2,33,2,2.258874737815e-07
2023,3,33,2,1.25723423318584e-07
2023,4,33,2,1.59547965778354e-07
2024,1,33,2,2.37334041601324e-07
2024,2,33,2,2.25351856425527e-07
2024,3,33,2,1.31187346798948e-07
2024,4,33,2,2.37646892713083e-07
1952,1,34,3,1.39674141882744e-06
1952,2,34,3,1.73403573799395e-06
1952,3,34,3,2.59904392873961e-06
1952,4,34,3,2.36999230185802e-06
1953,1,34,3,3.50097001770392e-06
1953,2,34,3,2.39336065511493e-06
1953,3,34,3,2.08024865953858e-06
1953,4,34,3,1.76591137209858e-06
1954,1,34,3,1.86302482887992e-06
1954,2,34,3,1.38963224857586e-06
1954,3,34,3,1.59096842856553e-06
1954,4,34,3,2.10845222097081e-06
1955,1,34,3,1.20505314125481e-06
1955,2,34,3,1.92576460532946e-06
1955,3,34,3,1.34770260491261e-06
1955,4,34,3,2.07402492769369e-06
1956,1,34,3,1.50639099468318e-06
1956,2,34,3,1.87366169222532e-06
1956,3,34,3,2.15900646426833e-06
1956,4,34,3,2.52556658321449e-06
1957,1,34,3,1.98930660862199e-06
1957,2,34,3,1.73335421352552e-06
1957,3,34,3,1.81675862699226e-06
1957,4,34,3,3.81211092133615e-06
1958,1,34,3,1.89326033925029e-06
1958,2,34,3,2.13435064253198e-06
1958,3,34,3,1.73701988682011e-06
1958,4,34,3,1.27594985321215e-06
1959,1,34,3,1.27904686164877e-06
1959,2,34,3,9.56205208640057e-07
1959,3,34,3,1.34747456050605e-06
1959,4,34,3,1.69731064162396e-06
1960,1,34,3,1.69420710485028e-06
1960,2,34,3,2.04666400474068e-06
1960,3,34,3,1.71219082470926e-06
1960,4,34,3,1.45240068739656e-06
1961,1,34,3,1.0659834414757e-06
1961,2,34,3,1.5546548589831e-06
1961,3,34,3,1.40924252722169e-06
1961,4,34,3,1.11447535300827e-06
1962,1,34,3,1.33928939663118e-06
1962,2,34,3,1.49649836041241e-06
1962,3,34,3,1.299372612309e-06
1962,4,34,3,1.27384275153144e-06
1963,1,34,3,1.34693947709541e-06
1963,2,34,3,1.15854308417432e-06
1963,3,34,3,1.08523393383208e-06
1963,4,34,3,1.21983191528173e-06
1964,1,34,3,1.1936568563939e-06
1964,2,34,3,1.22897979433858e-06
1964,3,34,3,9.87203004653676e-07
1964,4,34,3,9.21304471412147e-07
1965,1,34,3,1.42393935004572e-06
1965,2,34,3,1.33277517171977e-06
1965,3,34,3,1.10651989081931e-06
1965,4,34,3,1.91197318723962e-06
1966,1,34,3,1.77679528896928e-06
1966,2,34,3,1.37166597174108e-06
1966,3,34,3,1.28810402034888e-06
1966,4,34,3,9.65668258822753e-07
1967,1,34,3,7.41358836397611e-07
1967,2,34,3,1.22389489192771e-06
1967,3,34,3,8.19684861700144e-07
1967,4,34,3,8.03410457611632e-07
1968,1,34,3,6.38588867491687e-07
1968,2,34,3,7.12824068282075e-07
1968,3,34,3,9.09606110701561e-07
1968,4,34,3,1.08700316638546e-06
1969,1,34,3,5.27966808696961e-07
1969,2,34,3,1.27456014136644e-06
1969,3,34,3,9.83075794049255e-07
1969,4,34,3,1.33031828334459e-06
1970,1,34,3,6.89047534129679e-07
1970,2,34,3,2.1886016881212e-06
1970,3,34,3,9.30520446098216e-07
1970,4,34,3,8.446130571644e-07
1971,1,34,3,7.28296605399972e-07
1971,2,34,3,9.86860843118955e-07
1971,3,34,3,6.79196166028841e-07
1971,4,34,3,1.07182613948038e-06
1972,1,34,3,4.65252457208804e-07
1972,2,34,3,9.7130247601949e-07
1972,3,34,3,7.84889646850611e-07
1972,4,34,3,8.96842773099134e-07
1973,1,34,3,8.21082485072933e-07
1973,2,34,3,8.19161751134132e-07
1973,3,34,3,9.51713835082674e-07
1973,4,34,3,5.03242706339625e-07
1974,1,34,3,9.74416259400318e-07
1974,2,34,3,9.26979274665415e-07
1974,3,34,3,7.91338559102661e-07
1974,4,34,3,6.08086663548471e-07
1975,1,34,3,7.11433539157792e-07
1975,2,34,3,5.25465778479913e-07
1975,3,34,3,8.42918909875491e-07
1975,4,34,3,7.04643487801037e-07
1976,1,34,3,6.91572576815474e-07
1976,2,34,3,5.71298117444078e-07
1976,3,34,3,9.56999417766157e-07
1976,4,34,3,9.8670301650586e-07
1977,1,34,3,8.42378316456683e-07
1977,2,34,3,8.39359127767471e-07
1977,3,34,3,1.04769903152202e-06
1977,4,34,3,1.60632041412653e-06
1978,1,34,3,1.65920906175899e-06
1978,2,34,3,2.73080637848652e-06
1978,3,34,3,1.53414345329996e-06
1978,4,34,3,1.06595974601974e-06
1979,1,34,3,6.10698661249588e-07
1979,2,34,3,9.20878587986793e-07
1979,3,34,3,6.39340027449368e-07
1979,4,34,3,9.04233217272373e-07
1980,1,34,3,8.84793400371494e-07
1980,2,34,3,9.24708931097503e-07
1980,3,34,3,9.19230667491774e-07
1980,4,34,3,7.33107827589268e-07
1981,1,34,3,8.10318781120513e-07
1981,2,34,3,6.17449746040802e-07
1981,3,34,3,7.44280205876619e-07
1981,4,34,3,5.90418472779208e-07
1982,1,34,3,5.09501929072913e-07
1982,2,34,3,5.48987131418439e-07
1982,3,34,3,6.61918238106464e-07
1982,4,34,3,7.77514288210702e-07
1983,1,34,3,7.23762197277941e-07
1983,2,34,3,7.6361596336731e-07
1983,3,34,3,1.05973211017824e-06
1983,4,34,3,7.84653490322231e-07
1984,1,34,3,8.213218683837e-07
1984,2,34,3,5.50030356470861e-07
1984,3,34,3,5.94340995728901e-07
1984,4,34,3,5.32181400208264e-07
1985,1,34,3,4.22767776092922e-07
1985,2,34,3,8.34484202813237e-07
1985,3,34,3,6.50748905681897e-07
1985,4,34,3,6.96852303884282e-07
1986,1,34,3,5.41023139792693e-07
1986,2,34,3,6.70373694275381e-07
1986,3,34,3,6.41625616499001e-07
1986,4,34,3,7.34772501568561e-07
1987,1,34,3,7.51792070547097e-07
1987,2,34,3,7.52403610674407e-07
1987,3,34,3,8.76672710514606e-07
1987,4,34,3,9.69684234182078e-07
1988,1,34,3,5.32497005687478e-07
1988,2,34,3,6.32406165845564e-07
1988,3,34,3,7.51027409497432e-07
1988,4,34,3,8.44129788639133e-07
1989,1,34,3,9.05867635365518e-07
1989,2,34,3,5.17569368748816e-07
1989,3,34,3,6.43098467986262e-07
1989,4,34,3,5.32110835431905e-07
1990,1,34,3,4.09463540219144e-07
1990,2,34,3,8.25759208883365e-07
1990,3,34,3,5.26177132893646e-07
1990,4,34,3,5.38393628856649e-07
1991,1,34,3,4.67375642183182e-07
1991,2,34,3,6.20830685834898e-07
1991,3,34,3,7.57757437345398e-07
1991,4,34,3,4.85280536947236e-07
1992,1,34,3,2.62494685774973e-07
1992,2,34,3,5.74729341162648e-07
1992,3,34,3,7.29365576774872e-07
1992,4,34,3,5.12885855242984e-07
1993,1,34,3,2.58200422459879e-07
1993,2,34,3,3.36271935319847e-07
1993,3,34,3,4.51418843965604e-07
1993,4,34,3,3.16793215735802e-07
1994,1,34,3,4.66615899036994e-07
1994,2,34,3,2.62369445996997e-07
1994,3,34,3,5.56521582633205e-07
1994,4,34,3,6.78233954324478e-07
1995,1,34,3,6.64483930454701e-07
1995,2,34,3,1.26870373835811e-06
1995,3,34,3,4.06726445317573e-07
1995,4,34,3,2.16406829008815e-07
1996,1,34,3,3.97109086908248e-07
1996,2,34,3,4.72737408858784e-07
1996,3,34,3,5.03845524653954e-07
1996,4,34,3,3.19110564349426e-07
1997,1,34,3,5.98276404213931e-07
1997,2,34,3,7.60781668646418e-07
1997,3,34,3,6.32190924730985e-07
1997,4,34,3,3.0228274866471e-07
1998,1,34,3,4.2926937470249e-07
1998,2,34,3,6.07420143797148e-07
1998,3,34,3,4.17927947064684e-07
1998,4,34,3,3.0093167514865e-07
1999,1,34,3,1.23113037663346e-07
1999,2,34,3,2.78140074583805e-07
1999,3,34,3,3.8811995155499e-07
1999,4,34,3,4.07739600083826e-07
2000,1,34,3,3.75381304638453e-07
2000,2,34,3,3.99086715702359e-07
2000,3,34,3,3.68925057451757e-07
2000,4,34,3,3.17132256993856e-07
2001,1,34,3,2.123039868524e-07
2001,2,34,3,4.6191901584921e-07
2001,3,34,3,5.35722772986785e-07
2001,4,34,3,4.63490568722723e-07
2002,1,34,3,4.64161386781419e-07
2002,2,34,3,6.39234232861774e-07
2002,3,34,3,3.63385318612163e-07
2002,4,34,3,4.87970283485169e-07
2003,1,34,3,3.33162649196371e-07
2003,2,34,3,6.00402117542071e-07
2003,3,34,3,4.30417703500438e-07
2003,4,34,3,2.98734432988901e-07
2004,1,34,3,2.87838243149715e-07
2004,2,34,3,5.19084409917816e-07
2004,3,34,3,4.57108670835163e-07
2004,4,34,3,8.01714073433007e-07
2005,1,34,3,2.00596077860913e-07
2005,2,34,3,2.80833712963902e-07
2005,3,34,3,2.83081590551588e-07
2005,4,34,3,3.75790304245329e-07
2006,1,34,3,3.55258870828392e-07
2006,2,34,3,3.48821831848358e-07
2006,3,34,3,3.19031771684902e-07
2006,4,34,3,5.0218478975912e-07
2007,1,34,3,2.78477813985027e-07
2007,2,34,3,4.35762740568267e-07
2007,3,34,3,1.96775720085014e-07
2007,4,34,3,4.13961268693094e-07
2008,1,34,3,3.93132804334242e-07
2008,2,34,3,2.9780528842336e-07
2008,3,34,3,5.03284062053937e-07
2008,4,34,3,4.09754105043954e-07
2009,1,34,3,4.28309147681516e-07
2009,2,34,3,5.17926297342866e-07
2009,3,34,3,6.0979896493366e-07
2009,4,34,3,5.60534412021042e-07
2010,1,34,3,4.76732707134157e-07
2010,2,34,3,4.38924901627118e-07
2010,3,34,3,4.6694493386105e-07
2010,4,34,3,2.72248934146453e-07
2011,1,34,3,3.32770588202279e-07
2011,2,34,3,3.40751766872734e-07
2011,3,34,3,3.15049028547203e-07
2011,4,34,3,2.44272919499973e-07
2012,1,34,3,2.3427567354474e-07
2012,2,34,3,3.97635605817399e-07
2012,3,34,3,3.61470870002592e-07
2012,4,34,3,3.38392735887418e-07
2013,1,34,3,2.37709231478568e-07
2013,2,34,3,3.39040463529093e-07
2013,3,34,3,2.80841681137674e-07
2013,4,34,3,2.30601464939492e-07
2014,1,34,3,2.96150318523545e-07
2014,2,34,3,2.05090409934975e-07
2014,3,34,3,4.38961924714029e-07
2014,4,34,3,4.97711462943552e-07
2015,1,34,3,2.80224449105843e-07
2015,2,34,3,5.87906946267685e-07
2015,3,34,3,8.38217757301357e-07
2015,4,34,3,5.28810299986126e-07
2016,1,34,3,8.26231645669219e-07
2016,2,34,3,5.10590610805357e-07
2016,3,34,3,3.52652362505883e-07
2016,4,34,3,2.06929002076521e-07
2017,1,34,3,2.15176602288435e-07
2017,2,34,3,4.30293181222176e-07
2017,3,34,3,4.4953027497273e-07
2017,4,34,3,4.24270959323077e-07
2018,1,34,3,3.74035595499194e-07
2018,2,34,3,5.58493211053673e-07
2018,3,34,3,4.64535478098195e-07
2018,4,34,3,3.35440419045645e-07
2019,1,34,3,4.55406496961402e-07
2019,2,34,3,6.58017151738228e-07
2019,3,34,3,4.53191178188399e-07
2019,4,34,3,6.17868115928035e-07
2020,1,34,3,2.40194072375354e-07
2020,2,34,3,3.93631233199221e-07
2020,3,34,3,9.68347355726669e-07
2020,4,34,3,5.01930854061423e-07
2021,1,34,3,2.81666770476626e-07
2021,2,34,3,7.66817673804825e-07
2021,3,34,3,3.60132601603087e-07
2021,4,34,3,2.92031532072526e-07
2022,1,34,3,1.00304254195206e-06
2022,2,34,3,7.83913784546501e-07
2022,3,34,3,2.02456466616479e-06
2022,4,34,3,1.10018696301819e-06
2023,1,34,3,4.35325285715498e-07
2023,2,34,3,4.59695659005052e-07
2023,3,34,3,3.93495076796049e-07
2023,4,34,3,5.3173640156482e-07
2024,1,34,3,5.24711107743194e-07
2024,2,34,3,7.13375674092178e-07
2024,3,34,3,6.91493086621139e-07
2024,4,34,3,4.11042147490515e-07
1952,1,35,4,1.02481450009246e-06
1952,2,35,4,4.09356419063378e-06
1952,3,35,4,3.78551718931164e-06
1952,4,35,4,2.93942436518026e-06
1953,1,35,4,2.05322093480689e-06
1953,2,35,4,3.12603400973612e-06
1953,3,35,4,2.77890815021201e-06
1953,4,35,4,2.2027901449061e-06
1954,1,35,4,1.91476404546205e-06
1954,2,35,4,2.53031141282737e-06
1954,3,35,4,2.37181224662327e-06
1954,4,35,4,1.60530710490678e-06
1955,1,35,4,2.1525604340217e-06
1955,2,35,4,2.29931447818979e-06
1955,3,35,4,1.77940658588492e-06
1955,4,35,4,1.52415766148734e-06
1956,1,35,4,2.11152697902858e-06
1956,2,35,4,2.20924276499627e-06
1956,3,35,4,2.31894313106443e-06
1956,4,35,4,2.36577866960776e-06
1957,1,35,4,2.15762845519353e-06
1957,2,35,4,2.14262525690231e-06
1957,3,35,4,2.19822775382437e-06
1957,4,35,4,1.84277083451957e-06
1958,1,35,4,1.4919708831832e-06
1958,2,35,4,2.30985470296475e-06
1958,3,35,4,2.21091611858353e-06
1958,4,35,4,1.63010463686603e-06
1959,1,35,4,1.43527088685826e-06
1959,2,35,4,1.69315640716893e-06
1959,3,35,4,2.1995893431758e-06
1959,4,35,4,2.28024536402486e-06
1960,1,35,4,2.24472617319811e-06
1960,2,35,4,2.89847401278966e-06
1960,3,35,4,2.48412991594941e-06
1960,4,35,4,1.58244857921654e-06
1961,1,35,4,1.71358543951875e-06
1961,2,35,4,1.78682788512419e-06
1961,3,35,4,1.95922582161597e-06
1961,4,35,4,1.29220104871049e-06
1962,1,35,4,1.14268680457332e-06
1962,2,35,4,1.29839019834566e-06
1962,3,35,4,1.7795599620898e-06
1962,4,35,4,1.51898197521367e-06
1963,1,35,4,1.14042735871569e-06
1963,2,35,4,1.3792959057256e-06
1963,3,35,4,1.18375962284247e-06
1963,4,35,4,1.27993953197531e-06
1964,1,35,4,1.1760188057102e-06
1964,2,35,4,1.39001727552182e-06
1964,3,35,4,1.49785223762497e-06
1964,4,35,4,1.20677734060979e-06
1965,1,35,4,1.18836337295896e-06
1965,2,35,4,1.52100276568463e-06
1965,3,35,4,1.2957834814638e-06
1965,4,35,4,1.00391756189745e-06
1966,1,35,4,1.46379961469562e-06
1966,2,35,4,1.69116216755148e-06
1966,3,35,4,1.34248828452236e-06
1966,4,35,4,9.87619650491386e-07
1967,1,35,4,8.85295937949031e-07
1967,2,35,4,1.10211716700342e-06
1967,3,35,4,9.16840925034103e-07
1967,4,35,4,1.0752847946541e-06
1968,1,35,4,1.1082648018871e-06
1968,2,35,4,1.42349504435601e-06
1968,3,35,4,1.17713920883212e-06
1968,4,35,4,1.17670004092558e-06
1969,1,35,4,8.43996007824958e-07
1969,2,35,4,1.36996409844389e-06
1969,3,35,4,1.1317254794242e-06
1969,4,35,4,1.37615902834552e-06
1970,1,35,4,1.23937921610604e-06
1970,2,35,4,1.15491310189837e-06
1970,3,35,4,9.1277382099514e-07
1970,4,35,4,1.02902234488197e-06
1971,1,35,4,1.15355201191465e-06
1971,2,35,4,1.26291540480893e-06
1971,3,35,4,1.3087851323204e-06
1971,4,35,4,1.09966386941047e-06
1972,1,35,4,1.32013156151523e-06
1972,2,35,4,1.08622965672549e-06
1972,3,35,4,9.59940869366851e-07
1972,4,35,4,8.20365142853407e-07
1973,1,35,4,6.71532665588843e-07
1973,2,35,4,7.79355173106746e-07
1973,3,35,4,8.87651045073998e-07
1973,4,35,4,7.34385428949791e-07
1974,1,35,4,6.22179365687962e-07
1974,2,35,4,6.2759263061879e-07
1974,3,35,4,6.41345924895825e-07
1974,4,35,4,5.40276650374244e-07
1975,1,35,4,5.1145758054984e-07
1975,2,35,4,7.31435037618961e-07
1975,3,35,4,5.95218021749263e-07
1975,4,35,4,5.16879715034104e-07
1976,1,35,4,6.63172490479302e-07
1976,2,35,4,8.49032037389669e-07
1976,3,35,4,7.33578197496775e-07
1976,4,35,4,7.64676909521202e-07
1977,1,35,4,7.19198208991257e-07
1977,2,35,4,8.9063932697298e-07
1977,3,35,4,1.15773978269769e-06
1977,4,35,4,1.12278523722023e-06
1978,1,35,4,9.05380961873508e-07
1978,2,35,4,1.17662013418009e-06
1978,3,35,4,1.16992790185266e-06
1978,4,35,4,1.05249508528773e-06
1979,1,35,4,7.31289597794821e-07
1979,2,35,4,9.3618752346881e-07
1979,3,35,4,1.01203276999071e-06
1979,4,35,4,1.17750908795279e-06
1980,1,35,4,1.00034137066209e-06
1980,2,35,4,9.76159712695646e-07
1980,3,35,4,1.12642117888101e-06
1980,4,35,4,6.78991227883248e-07
1981,1,35,4,5.43911474266375e-07
1981,2,35,4,8.64087539626135e-07
1981,3,35,4,7.04851969585135e-07
1981,4,35,4,7.50759075123277e-07
1982,1,35,4,7.18965960838657e-07
1982,2,35,4,7.88573729568056e-07
1982,3,35,4,8.41737381101801e-07
1982,4,35,4,7.11317910752157e-07
1983,1,35,4,6.49465517947651e-07
1983,2,35,4,6.84704312233136e-07
1983,3,35,4,1.17406938575694e-06
1983,4,35,4,1.09363766091763e-06
1984,1,35,4,9.38230587958961e-07
1984,2,35,4,5.72059890480656e-07
1984,3,35,4,8.44245838929477e-07
1984,4,35,4,7.16348891035569e-07
1985,1,35,4,5.14123625257927e-07
1985,2,35,4,6.80353320298571e-07
1985,3,35,4,9.14721757484755e-07
1985,4,35,4,5.44057201898412e-07
1986,1,35,4,5.90322998742994e-07
1986,2,35,4,9.81635159513846e-07
1986,3,35,4,9.24817285532401e-07
1986,4,35,4,8.43221354381512e-07
1987,1,35,4,6.38595848331975e-07
1987,2,35,4,8.37505001449203e-07
1987,3,35,4,7.92529136973695e-07
1987,4,35,4,7.11165470032218e-07
1988,1,35,4,6.78855394224447e-07
1988,2,35,4,6.71055608171252e-07
1988,3,35,4,6.7900603504972e-07
1988,4,35,4,5.08170752853896e-07
1989,1,35,4,5.28583646424596e-07
1989,2,35,4,4.56055798574692e-07
1989,3,35,4,4.6336944212637e-07
1989,4,35,4,4.24714911614929e-07
1990,1,35,4,4.12320467322849e-07
1990,2,35,4,7.60128721276701e-07
1990,3,35,4,6.33758493969249e-07
1990,4,35,4,3.55056980754958e-07
1991,1,35,4,4.03889587959139e-07
1991,2,35,4,5.72428911297543e-07
1991,3,35,4,6.55595379968189e-07
1991,4,35,4,5.17784497541715e-07
1992,1,35,4,4.13233357635848e-07
1992,2,35,4,8.11962078797291e-07
1992,3,35,4,7.98434866203602e-07
1992,4,35,4,5.4508835898738e-07
1993,1,35,4,3.41587974083102e-07
1993,2,35,4,4.67800815355161e-07
1993,3,35,4,5.72993778221678e-07
1993,4,35,4,3.78688525653003e-07
1994,1,35,4,4.07650390534682e-07
1994,2,35,4,4.87544055786708e-07
1994,3,35,4,4.87242886024957e-07
1994,4,35,4,5.09050507284048e-07
1995,1,35,4,5.70673579520011e-07
1995,2,35,4,6.12139979547131e-07
1995,3,35,4,3.48302212973067e-07
1995,4,35,4,2.8880913430932e-07
1996,1,35,4,3.65786336405266e-07
1996,2,35,4,5.89037793220913e-07
1996,3,35,4,9.6296427952159e-07
1996,4,35,4,8.70729545091567e-07
1997,1,35,4,9.46850140459336e-07
1997,2,35,4,7.665537592397e-07
1997,3,35,4,5.59424683452134e-07
1997,4,35,4,3.45105983368634e-07
1998,1,35,4,3.72282808254075e-07
1998,2,35,4,4.68586918249147e-07
1998,3,35,4,5.0885592495923e-07
1998,4,35,4,2.88781948959122e-07
1999,1,35,4,1.91727574929346e-07
1999,2,35,4,2.48849501273335e-07
1999,3,35,4,3.04979385845021e-07
1999,4,35,4,4.24466434077111e-07
2000,1,35,4,4.89815311921027e-07
2000,2,35,4,5.46804698127915e-07
2000,3,35,4,5.70224275830217e-07
2000,4,35,4,3.52938671832e-07
2001,1,35,4,3.36038919891507e-07
2001,2,35,4,5.66492642718341e-07
2001,3,35,4,4.00444894116679e-07
2001,4,35,4,3.26007003452698e-07
2002,1,35,4,2.9734000585726e-07
2002,2,35,4,3.44324515268187e-07
2002,3,35,4,2.87812150848313e-07
2002,4,35,4,3.51212598739862e-07
2003,1,35,4,3.50909929355428e-07
2003,2,35,4,3.50211509227565e-07
2003,3,35,4,2.5090057209551e-07
2003,4,35,4,2.53209599070934e-07
2004,1,35,4,2.39309420173915e-07
2004,2,35,4,4.44933207587483e-07
2004,3,35,4,4.99408274714174e-07
2004,4,35,4,2.73917238480993e-07
2005,1,35,4,2.14503570897222e-07
2005,2,35,4,4.0263796072804e-07
2005,3,35,4,3.60372007347522e-07
2005,4,35,4,2.74527879036912e-07
2006,1,35,4,4.65696422692015e-07
2006,2,35,4,3.299231579365e-07
2006,3,35,4,2.71476855835705e-07
2006,4,35,4,1.92671359159146e-07
2007,1,35,4,1.9299415223782e-07
2007,2,35,4,3.08282337972357e-07
2007,3,35,4,3.41947577855369e-07
2007,4,35,4,2.96761550233363e-07
2008,1,35,4,1.97043234054564e-07
2008,2,35,4,2.86415384611506e-07
2008,3,35,4,2.35667088192773e-07
2008,4,35,4,1.50187186418502e-07
2009,1,35,4,1.67828187870223e-07
2009,2,35,4,3.19727492728924e-07
2009,3,35,4,3.45894566551929e-07
2009,4,35,4,2.45120190925938e-07
2010,1,35,4,1.90227116471715e-07
2010,2,35,4,2.48913210901717e-07
2010,3,35,4,3.53731697306725e-07
2010,4,35,4,3.3982470840124e-07
2011,1,35,4,3.31370658598843e-07
2011,2,35,4,3.08627910050309e-07
2011,3,35,4,2.28145526534123e-07
2011,4,35,4,1.84328373330558e-07
2012,1,35,4,1.25793874818044e-07
2012,2,35,4,2.48631745414813e-07
2012,3,35,4,2.43404108964977e-07
2012,4,35,4,1.98852180928005e-07
2013,1,35,4,1.73082936221618e-07
2013,2,35,4,2.12976812793596e-07
2013,3,35,4,2.08037514269184e-07
2013,4,35,4,2.44535327293513e-07
2014,1,35,4,2.19840158825744e-07
2014,2,35,4,3.5472606483058e-07
2014,3,35,4,2.72185701757742e-07
2014,4,35,4,2.2745466964508e-07
2015,1,35,4,2.64143806875458e-07
2015,2,35,4,3.7526211612358e-07
2015,3,35,4,3.20796686716012e-07
2015,4,35,4,2.80764381724743e-07
2016,1,35,4,2.56888156728092e-07
2016,2,35,4,2.72313139096857e-07
2016,3,35,4,3.69452079448076e-07
2016,4,35,4,2.1490099668749e-07
2017,1,35,4,2.16966559056382e-07
2017,2,35,4,2.72387471896358e-07
2017,3,35,4,2.89816857820732e-07
2017,4,35,4,2.32199337555057e-07
2018,1,35,4,2.39173196499969e-07
2018,2,35,4,3.06177889495855e-07
2018,3,35,4,2.36290865496996e-07
2018,4,35,4,1.68739443799029e-07
2019,1,35,4,4.07540110991619e-07
2019,2,35,4,4.98830251458133e-07
2019,3,35,4,4.32051705324708e-07
2019,4,35,4,3.71656250797449e-07
2020,1,35,4,3.10548499908268e-07
2020,2,35,4,4.47911065672221e-07
2020,3,35,4,3.89348896969842e-07
2020,4,35,4,4.00719178264085e-07
2021,1,35,4,4.16277040424918e-07
2021,2,35,4,5.05704392018675e-07
2021,3,35,4,3.52179739963249e-07
2021,4,35,4,2.5917212875114e-07
2022,1,35,4,4.13337832530798e-07
2022,2,35,4,3.62949647006431e-07
2022,3,35,4,4.30791998476827e-07
2022,4,35,4,3.11580371684056e-07
2023,1,35,4,2.65588334942957e-07
2023,2,35,4,3.48871796695668e-07
2023,3,35,4,3.11754635473411e-07
2023,4,35,4,4.11811346353756e-07
2024,1,35,4,5.78453504307567e-07
2024,2,35,4,8.2705948259638e-07
2024,3,35,4,6.99631330668529e-07
2024,4,35,4,5.50627512302388e-07
1954,1,36,5,4.39209632487307e-06
1954,2,36,5,2.14014392330391e-06
1954,3,36,5,2.8561273122505e-06
1954,4,36,5,2.37938525570934e-06
1955,1,36,5,3.49786656509407e-06
1955,2,36,5,2.60260056121163e-06
1955,3,36,5,1.4824924830906e-06
1955,4,36,5,1.81363809040297e-06
1956,1,36,5,2.2280167158785e-06
1956,2,36,5,1.5898341477917e-06
1956,3,36,5,2.30823767718099e-06
1956,4,36,5,1.76440658771025e-06
1957,1,36,5,2.09246576036763e-06
1957,2,36,5,4.72131715442431e-09
1957,3,36,5,2.40627278986302e-06
1957,4,36,5,1.79655034816767e-06
1958,1,36,5,1.64557540143707e-06
1958,2,36,5,1.85994806468618e-06
1958,3,36,5,2.38695863548064e-06
1958,4,36,5,2.05266243817343e-06
1959,1,36,5,2.07206536952877e-06
1959,2,36,5,2.01222518396563e-06
1959,3,36,5,1.66004271565161e-06
1959,4,36,5,8.1978934825949e-07
1960,1,36,5,1.60464000769466e-06
1960,2,36,5,1.60410846890786e-06
1960,3,36,5,2.02474837127839e-06
1960,4,36,5,1.13758662466383e-06
1961,1,36,5,1.88792421483895e-06
1961,2,36,5,1.96639706670771e-06
1961,3,36,5,9.91318376765024e-07
1961,4,36,5,6.59087331210794e-07
1962,1,36,5,1.1518515168137e-06
1962,2,36,5,1.9436394144148e-06
1962,3,36,5,1.42034736577905e-06
1962,4,36,5,8.51102201413252e-07
1963,1,36,5,1.30184202815308e-06
1963,2,36,5,1.67128461255529e-06
1963,3,36,5,9.97766768422167e-07
1963,4,36,5,8.40129392631676e-07
1964,1,36,5,1.01600469138189e-06
1964,2,36,5,1.4985911949414e-06
1964,3,36,5,1.58994340596764e-06
1964,4,36,5,8.01096268663977e-07
1965,1,36,5,1.06027600681387e-06
1965,2,36,5,2.0618469282619e-06
1965,3,36,5,1.1821989932262e-06
1965,4,36,5,6.91819843196382e-07
1966,1,36,5,1.21119249992007e-06
1966,2,36,5,1.671566363401e-06
1966,3,36,5,9.44023924100893e-07
1966,4,36,5,6.25814584941914e-07
1967,1,36,5,7.74044074856484e-07
1967,2,36,5,8.28524099113591e-07
1967,3,36,5,7.74725243789033e-07
1967,4,36,5,4.57077447376135e-07
1968,1,36,5,7.46506159042533e-07
1968,2,36,5,8.78883792485456e-07
1968,3,36,5,6.12024528365921e-07
1968,4,36,5,5.3765850825969e-07
1969,1,36,5,8.85653499921773e-07
1969,2,36,5,6.89577396572462e-07
1969,3,36,5,8.07562001256632e-07
1969,4,36,5,6.69997294628659e-07
1970,1,36,5,9.95200197696928e-07
1970,2,36,5,1.12883763278996e-06
1970,3,36,5,1.03373482199715e-06
1970,4,36,5,7.18033200525834e-07
1971,1,36,5,8.42829172845192e-07
1971,2,36,5,1.13141580213891e-06
1971,3,36,5,8.66589118630527e-07
1971,4,36,5,7.73278381997883e-07
1972,1,36,5,1.12062364940399e-06
1972,2,36,5,1.11383743242691e-06
1972,3,36,5,6.96270868607039e-07
1972,4,36,5,5.08691210943463e-07
1973,1,36,5,7.50603894491914e-07
1973,2,36,5,6.1987483977594e-07
1973,3,36,5,1.10936271319697e-06
1973,4,36,5,6.57254216083913e-07
1974,1,36,5,7.53178099679893e-07
1974,2,36,5,1.3477189830649e-06
1974,3,36,5,9.04447372748312e-07
1974,4,36,5,5.4644127524523e-07
1975,1,36,5,9.12298181292081e-07
1975,2,36,5,9.02577639705694e-07
1975,3,36,5,8.28658914172651e-07
1975,4,36,5,5.78772612145523e-07
1976,1,36,5,7.83237745201715e-07
1976,2,36,5,6.62254642353867e-07
1976,3,36,5,7.23771384660914e-07
1976,4,36,5,5.32010070949141e-07
1977,1,36,5,5.04521401850588e-07
1977,2,36,5,7.71117597629458e-07
1977,3,36,5,5.29314031730686e-07
1977,4,36,5,6.07440829977277e-07
1978,1,36,5,6.2614417746621e-07
1978,2,36,5,6.11952112696593e-07
1978,3,36,5,1.50530322622735e-06
1978,4,36,5,7.10464665577753e-07
1979,1,36,5,9.23381131159005e-07
1979,2,36,5,8.8081336608542e-07
1979,3,36,5,8.815836697812e-07
1979,4,36,5,8.01920005624747e-07
1980,1,36,5,1.66459818547323e-06
1980,2,36,5,1.23831897986568e-06
1980,3,36,5,1.34767464407137e-06
1980,4,36,5,7.9622978835096e-07
1981,1,36,5,1.03883494995885e-06
1981,2,36,5,7.03033982173121e-07
1981,3,36,5,6.92792887140795e-07
1981,4,36,5,6.84911015435428e-07
1982,1,36,5,7.85701507672286e-07
1982,2,36,5,7.54218109703158e-07
1982,3,36,5,4.65513550142037e-07
1982,4,36,5,4.46595805248644e-07
1983,1,36,5,5.10643244432394e-07
1983,2,36,5,7.72768914238648e-07
1983,3,36,5,9.4700057893378e-07
1983,4,36,5,1.47593970690108e-06
1984,1,36,5,8.55358077801376e-07
1984,2,36,5,6.64324567092806e-07
1984,3,36,5,5.59289283656022e-07
1984,4,36,5,4.98724818941337e-07
1985,1,36,5,9.30833036869845e-07
1985,2,36,5,1.18558499465584e-06
1985,3,36,5,1.16477910559706e-06
1985,4,36,5,6.24410406060174e-07
1986,1,36,5,1.26922020490817e-06
1986,2,36,5,1.14611565593425e-06
1986,3,36,5,9.33352511744959e-07
1986,4,36,5,5.08152467891744e-07
1987,1,36,5,1.29194932501349e-06
1987,2,36,5,1.26161389408301e-06
1987,3,36,5,1.10973321091754e-06
1987,4,36,5,6.85542589479126e-07
1988,1,36,5,1.20426290389723e-06
1988,2,36,5,1.32148577596136e-06
1988,3,36,5,1.03927599806457e-06
1988,4,36,5,8.90823057135971e-07
1989,1,36,5,6.50741365826443e-07
1989,2,36,5,7.82722849044504e-07
1989,3,36,5,8.78964321266047e-07
1989,4,36,5,4.70859094450983e-07
1990,1,36,5,7.74980296056082e-07
1990,2,36,5,1.09065515689225e-06
1990,3,36,5,8.07352932434605e-07
1990,4,36,5,5.19384024794816e-07
1991,1,36,5,9.97293023731883e-07
1991,2,36,5,1.02268778810614e-06
1991,3,36,5,8.34952376243373e-07
1991,4,36,5,4.84189855107114e-07
1992,1,36,5,1.09343607059611e-06
1992,2,36,5,8.55950213963342e-07
1992,3,36,5,1.00711646472147e-06
1992,4,36,5,5.66907622334729e-07
1993,1,36,5,7.91164263195478e-07
1993,2,36,5,8.31218369391223e-07
1993,3,36,5,7.30919431832822e-07
1993,4,36,5,4.33070943622351e-07
1994,1,36,5,8.2050038556065e-07
1994,2,36,5,7.61897963415117e-07
1994,3,36,5,5.52804795318824e-07
1994,4,36,5,5.91079137421846e-07
1995,1,36,5,8.02456747888907e-07
1995,2,36,5,8.55080412657984e-07
1995,3,36,5,5.30099314316909e-07
1995,4,36,5,4.7481104932613e-07
1996,1,36,5,7.85605997748079e-07
1996,2,36,5,8.77383545199184e-07
1996,3,36,5,1.00774988325823e-06
1996,4,36,5,8.20877867517953e-07
1997,1,36,5,1.34244754766483e-06
1997,2,36,5,8.05083504984229e-07
1997,3,36,5,3.50235775727382e-07
1997,4,36,5,3.27347474515672e-07
1998,1,36,5,3.73217261844709e-07
1998,2,36,5,3.52521053165936e-07
1998,3,36,5,5.15433910999399e-07
1998,4,36,5,3.96360626943382e-07
1999,1,36,5,5.10416831417308e-07
1999,2,36,5,3.78600550268525e-07
1999,3,36,5,2.50189323621768e-07
1999,4,36,5,2.72911347124433e-07
2000,1,36,5,4.65192291832007e-07
2000,2,36,5,5.30869604147718e-07
2000,3,36,5,5.25560025598643e-07
2000,4,36,5,3.43639551842912e-07
2001,1,36,5,4.05941361193198e-07
2001,2,36,5,5.18005176420654e-07
2001,3,36,5,5.07205885462903e-07
2001,4,36,5,2.31346447112784e-07
2002,1,36,5,3.94274158552285e-07
2002,2,36,5,3.42740306086418e-07
2002,3,36,5,3.98122957726366e-07
2002,4,36,5,3.8903891611921e-07
2003,1,36,5,5.59709456838341e-07
2003,2,36,5,5.32264651122182e-07
2003,3,36,5,3.92613605539624e-07
2003,4,36,5,3.19729948129645e-07
2004,1,36,5,3.64023829654264e-07
2004,2,36,5,4.41551406398091e-07
2004,3,36,5,7.03893625858842e-07
2004,4,36,5,4.86972224259856e-07
2005,1,36,5,3.32282761257665e-07
2005,2,36,5,3.95975226130169e-07
2005,3,36,5,3.1881668067889e-07
2005,4,36,5,2.76363244984116e-07
2006,1,36,5,3.64346422017607e-07
2006,2,36,5,3.97727787784222e-07
2006,3,36,5,3.41521102286576e-07
2006,4,36,5,2.54410215346364e-07
2007,1,36,5,3.16321515608455e-07
2007,2,36,5,3.99759690749379e-07
2007,3,36,5,4.71223424885278e-07
2007,4,36,5,3.47254447383621e-07
2008,1,36,5,4.19372319845853e-07
2008,2,36,5,5.33024983576739e-07
2008,3,36,5,3.76621930592869e-07
2008,4,36,5,2.39799360636915e-07
2009,1,36,5,3.32189100792594e-07
2009,2,36,5,4.06658297855321e-07
2009,3,36,5,2.89261919656599e-07
2009,4,36,5,2.37892065393098e-07
2010,1,36,5,2.41573273831193e-07
2010,2,36,5,2.56648313398616e-07
2010,3,36,5,3.07394537369406e-07
2010,4,36,5,2.77366169597846e-07
2011,1,36,5,4.23681630320374e-07
2011,2,36,5,5.54647358462462e-07
2011,3,36,5,3.26106697368709e-07
2011,4,36,5,2.70628568578406e-07
2012,1,36,5,2.82560764313853e-07
2012,2,36,5,3.47737215941489e-07
2012,3,36,5,3.20552478645504e-07
2012,4,36,5,2.32082475106284e-07
2013,1,36,5,2.87650476070057e-07
2013,2,36,5,3.26308493987995e-07
2013,3,36,5,3.06890847284245e-07
2013,4,36,5,2.87571824109645e-07
2014,1,36,5,4.72232987313013e-07
2014,2,36,5,5.97145888391273e-07
2014,3,36,5,5.76675722195442e-07
2014,4,36,5,2.76811235222595e-07
2015,1,36,5,3.73183406055512e-07
2015,2,36,5,4.83209688292591e-07
2015,3,36,5,5.26129906928706e-07
2015,4,36,5,4.85670256392271e-07
2016,1,36,5,5.76245085122168e-07
2016,2,36,5,4.61936325226835e-07
2016,3,36,5,3.9259934021464e-07
2016,4,36,5,2.10169559749694e-07
2017,1,36,5,3.35282005739242e-07
2017,2,36,5,4.94933223825837e-07
2017,3,36,5,4.7273934774155e-07
2017,4,36,5,2.91607156950817e-07
2018,1,36,5,3.60027244220508e-07
2018,2,36,5,3.77228784286869e-07
2018,3,36,5,3.42987454388673e-07
2018,4,36,5,2.21589893101298e-07
2019,1,36,5,4.22092118706925e-07
2019,2,36,5,4.85047301368466e-07
2019,3,36,5,4.3602422559066e-07
2019,4,36,5,3.15690377280714e-07
2020,1,36,5,4.39565268336127e-07
2020,2,36,5,6.2287704384927e-07
2020,3,36,5,4.74664961985977e-07
2020,4,36,5,4.66377869532448e-07
2021,1,36,5,6.61826757404091e-07
2021,2,36,5,6.04501715671889e-07
2021,3,36,5,3.64601883047484e-07
2021,4,36,5,2.82927438663303e-07
2022,1,36,5,3.68019466390455e-07
2022,2,36,5,5.66658237465814e-07
2022,3,36,5,5.12023801792332e-07
2022,4,36,5,3.7793477945208e-07
2023,1,36,5,5.14913334330747e-07
2023,2,36,5,4.76230161132668e-07
2023,3,36,5,2.99647779343452e-07
2023,4,36,5,3.61782752065857e-07
2024,1,36,5,4.97874482669852e-07
2024,2,36,5,5.69992170384022e-07
2024,3,36,5,7.50092678125132e-07
2024,4,36,5,8.53575962701882e-07
