year,season,area,sb
1952,1,1,1225400
1953,1,1,1275400
1954,1,1,1264100
1955,1,1,1235000
1956,1,1,1174100
1957,1,1,1196200
1958,1,1,1204700
1959,1,1,1187500
1960,1,1,1223100
1961,1,1,1215100
1962,1,1,1113600
1963,1,1,996940
1964,1,1,927570
1965,1,1,891070
1966,1,1,918450
1967,1,1,885520
1968,1,1,832120
1969,1,1,773090
1970,1,1,782600
1971,1,1,801230
1972,1,1,832240
1973,1,1,790360
1974,1,1,743980
1975,1,1,738370
1976,1,1,705160
1977,1,1,675560
1978,1,1,694900
1979,1,1,741490
1980,1,1,728800
1981,1,1,687740
1982,1,1,651860
1983,1,1,642730
1984,1,1,643280
1985,1,1,637920
1986,1,1,619010
1987,1,1,668870
1988,1,1,689930
1989,1,1,682140
1990,1,1,667860
1991,1,1,635370
1992,1,1,611020
1993,1,1,551700
1994,1,1,497160
1995,1,1,463810
1996,1,1,451660
1997,1,1,462990
1998,1,1,452960
1999,1,1,411520
2000,1,1,362840
2001,1,1,325230
2002,1,1,304800
2003,1,1,286130
2004,1,1,267020
2005,1,1,254530
2006,1,1,246260
2007,1,1,234250
2008,1,1,236190
2009,1,1,244330
2010,1,1,256380
2011,1,1,258460
2012,1,1,249480
2013,1,1,241600
2014,1,1,254440
2015,1,1,277580
2016,1,1,296720
2017,1,1,298770
2018,1,1,292390
2019,1,1,292210
2020,1,1,312260
2021,1,1,344040
2022,1,1,354820
2023,1,1,382990
2024,1,1,370940
1952,2,1,1167400
1953,2,1,1170500
1954,2,1,1157600
1955,2,1,1121700
1956,2,1,1078500
1957,2,1,1105000
1958,2,1,1104100
1959,2,1,1094400
1960,2,1,1128100
1961,2,1,1101700
1962,2,1,998710
1963,2,1,902110
1964,2,1,846070
1965,2,1,824920
1966,2,1,848670
1967,2,1,807190
1968,2,1,758190
1969,2,1,714290
1970,2,1,731110
1971,2,1,752690
1972,2,1,773860
1973,2,1,725090
1974,2,1,691280
1975,2,1,684420
1976,2,1,647630
1977,2,1,628800
1978,2,1,654940
1979,2,1,691540
1980,2,1,669690
1981,2,1,632700
1982,2,1,603660
1983,2,1,599810
1984,2,1,601630
1985,2,1,591970
1986,2,1,586690
1987,2,1,636050
1988,2,1,646940
1989,2,1,641060
1990,2,1,625160
1991,2,1,597320
1992,2,1,571400
1993,2,1,513240
1994,2,1,467200
1995,2,1,439290
1996,2,1,435080
1997,2,1,442780
1998,2,1,426330
1999,2,1,383110
2000,2,1,335900
2001,2,1,303710
2002,2,1,284770
2003,2,1,264810
2004,2,1,248030
2005,2,1,237050
2006,2,1,227500
2007,2,1,218750
2008,2,1,222080
2009,2,1,231290
2010,2,1,241940
2011,2,1,241130
2012,2,1,232700
2013,2,1,228650
2014,2,1,244110
2015,2,1,266060
2016,2,1,282170
2017,2,1,279880
2018,2,1,274830
2019,2,1,278210
2020,2,1,303900
2021,2,1,326330
2022,2,1,343800
2023,2,1,366400
2024,2,1,340290
1952,3,1,1022900
1953,3,1,1022800
1954,3,1,1008800
1955,3,1,969700
1956,3,1,949010
1957,3,1,971640
1958,3,1,964650
1959,3,1,966580
1960,3,1,990470
1961,3,1,951150
1962,3,1,858490
1963,3,1,782870
1964,3,1,738220
1965,3,1,734100
1966,3,1,744650
1967,3,1,705240
1968,3,1,660280
1969,3,1,636990
1970,3,1,653780
1971,3,1,678210
1972,3,1,684000
1973,3,1,637280
1974,3,1,614090
1975,3,1,602890
1976,3,1,568720
1977,3,1,559740
1978,3,1,589300
1979,3,1,608690
1980,3,1,583320
1981,3,1,553690
1982,3,1,535750
1983,3,1,534850
1984,3,1,537090
1985,3,1,519890
1986,3,1,533720
1987,3,1,573830
1988,3,1,578770
1989,3,1,574870
1990,3,1,559390
1991,3,1,538640
1992,3,1,509170
1993,3,1,459520
1994,3,1,422960
1995,3,1,399490
1996,3,1,402120
1997,3,1,403830
1998,3,1,381880
1999,3,1,338480
2000,3,1,296570
2001,3,1,270450
2002,3,1,252560
2003,3,1,233160
2004,3,1,217640
2005,3,1,209280
2006,3,1,199070
2007,3,1,194720
2008,3,1,198140
2009,3,1,207390
2010,3,1,215660
2011,3,1,213580
2012,3,1,206910
2013,3,1,206320
2014,3,1,223410
2015,3,1,242710
2016,3,1,254030
2017,3,1,251840
2018,3,1,246230
2019,3,1,254110
2020,3,1,282750
2021,3,1,299120
2022,3,1,318640
2023,3,1,330890
2024,3,1,299170
1952,4,1,975350
1953,4,1,972520
1954,4,1,956480
1955,4,1,914050
1956,4,1,910670
1957,4,1,928230
1958,4,1,918070
1959,4,1,929820
1960,4,1,944410
1961,4,1,893070
1962,4,1,804580
1963,4,1,740940
1964,4,1,704020
1965,4,1,713050
1966,4,1,709630
1967,4,1,672590
1968,4,1,627980
1969,4,1,622090
1970,4,1,637960
1971,4,1,665700
1972,4,1,652860
1973,4,1,609310
1974,4,1,595610
1975,4,1,577330
1976,4,1,544840
1977,4,1,544600
1978,4,1,577190
1979,4,1,583020
1980,4,1,557190
1981,4,1,529580
1982,4,1,518300
1983,4,1,517680
1984,4,1,517230
1985,4,1,498680
1986,4,1,530150
1987,4,1,563620
1988,4,1,566550
1989,4,1,562140
1990,4,1,544560
1991,4,1,530690
1992,4,1,493990
1993,4,1,449130
1994,4,1,416970
1995,4,1,396680
1996,4,1,401880
1997,4,1,398890
1998,4,1,371900
1999,4,1,326030
2000,4,1,286300
2001,4,1,262520
2002,4,1,243950
2003,4,1,223580
2004,4,1,209300
2005,4,1,202020
2006,4,1,190540
2007,4,1,188570
2008,4,1,192310
2009,4,1,202820
2010,4,1,209300
2011,4,1,204520
2012,4,1,198590
2013,4,1,203210
2014,4,1,222220
2015,4,1,240500
2016,4,1,245900
2017,4,1,245900
2018,4,1,241620
2019,4,1,255280
2020,4,1,285300
2021,4,1,298400
2022,4,1,322260
2023,4,1,324100
2024,4,1,289040
1952,1,2,3469800
1953,1,2,3702000
1954,1,2,3668100
1955,1,2,3451400
1956,1,2,3225800
1957,1,2,3424100
1958,1,2,3409200
1959,1,2,3533000
1960,1,2,3926800
1961,1,2,3674800
1962,1,2,3062800
1963,1,2,2692500
1964,1,2,2551200
1965,1,2,2567500
1966,1,2,2810700
1967,1,2,2494300
1968,1,2,2248900
1969,1,2,1993900
1970,1,2,2120700
1971,1,2,2136500
1972,1,2,2181900
1973,1,2,1898600
1974,1,2,1821900
1975,1,2,1922000
1976,1,2,1773900
1977,1,2,1752000
1978,1,2,1886000
1979,1,2,1922200
1980,1,2,1659500
1981,1,2,1418200
1982,1,2,1268800
1983,1,2,1267400
1984,1,2,1314900
1985,1,2,1328800
1986,1,2,1365600
1987,1,2,1575600
1988,1,2,1538800
1989,1,2,1421900
1990,1,2,1276800
1991,1,2,1101900
1992,1,2,943630
1993,1,2,744780
1994,1,2,649110
1995,1,2,637820
1996,1,2,679360
1997,1,2,716370
1998,1,2,705820
1999,1,2,653930
2000,1,2,627640
2001,1,2,655130
2002,1,2,683600
2003,1,2,682480
2004,1,2,678630
2005,1,2,673230
2006,1,2,668970
2007,1,2,638450
2008,1,2,663400
2009,1,2,675500
2010,1,2,637600
2011,1,2,580020
2012,1,2,532950
2013,1,2,537460
2014,1,2,590210
2015,1,2,626920
2016,1,2,664830
2017,1,2,650860
2018,1,2,609420
2019,1,2,550090
2020,1,2,566940
2021,1,2,549250
2022,1,2,464020
2023,1,2,447490
2024,1,2,415560
1952,2,2,3632600
1953,2,2,3648200
1954,2,2,3594700
1955,2,2,3306200
1956,2,2,3242000
1957,2,2,3400200
1958,2,2,3364300
1959,2,2,3623500
1960,2,2,3883900
1961,2,2,3482200
1962,2,2,2909600
1963,2,2,2618700
1964,2,2,2501100
1965,2,2,2612000
1966,2,2,2732500
1967,2,2,2390600
1968,2,2,2144600
1969,2,2,1976000
1970,2,2,2107900
1971,2,2,2131100
1972,2,2,2103000
1973,2,2,1823900
1974,2,2,1830500
1975,2,2,1876800
1976,2,2,1729400
1977,2,2,1755800
1978,2,2,1898800
1979,2,2,1848700
1980,2,2,1572900
1981,2,2,1346600
1982,2,2,1242600
1983,2,2,1259300
1984,2,2,1312400
1985,2,2,1301100
1986,2,2,1408800
1987,2,2,1569400
1988,2,2,1495800
1989,2,2,1379100
1990,2,2,1218600
1991,2,2,1059900
1992,2,2,881120
1993,2,2,707530
1994,2,2,636380
1995,2,2,642860
1996,2,2,689630
1997,2,2,716130
1998,2,2,689620
1999,2,2,641210
2000,2,2,623260
2001,2,2,663160
2002,2,2,677470
2003,2,2,678080
2004,2,2,666870
2005,2,2,673120
2006,2,2,647190
2007,2,2,633970
2008,2,2,661100
2009,2,2,660960
2010,2,2,615430
2011,2,2,554580
2012,2,2,520420
2013,2,2,538760
2014,2,2,589870
2015,2,2,630350
2016,2,2,661350
2017,2,2,635570
2018,2,2,578560
2019,2,2,541920
2020,2,2,565960
2021,2,2,513960
2022,2,2,442390
2023,2,2,430490
2024,2,2,397310
1952,3,2,3814500
1953,3,2,3825000
1954,3,2,3728500
1955,3,2,3370100
1956,3,2,3469100
1957,3,2,3570200
1958,3,2,3547700
1959,3,2,3963900
1960,3,2,4060500
1961,3,2,3503100
1962,3,2,2959100
1963,3,2,2723800
1964,3,2,2627900
1965,3,2,2857200
1966,3,2,2801600
1967,3,2,2464800
1968,3,2,2178000
1969,3,2,2127300
1970,3,2,2226300
1971,3,2,2280600
1972,3,2,2137100
1973,3,2,1891500
1974,3,2,1973600
1975,3,2,1935100
1976,3,2,1811400
1977,3,2,1886100
1978,3,2,2026400
1979,3,2,1869600
1980,3,2,1579400
1981,3,2,1355600
1982,3,2,1291300
1983,3,2,1324000
1984,3,2,1378400
1985,3,2,1355500
1986,3,2,1545600
1987,3,2,1643400
1988,3,2,1538400
1989,3,2,1409100
1990,3,2,1224400
1991,3,2,1060800
1992,3,2,863540
1993,3,2,705900
1994,3,2,654300
1995,3,2,677850
1996,3,2,731650
1997,3,2,747610
1998,3,2,706980
1999,3,2,662420
2000,3,2,659660
2001,3,2,708230
2002,3,2,712860
2003,3,2,714230
2004,3,2,701010
2005,3,2,714110
2006,3,2,671240
2007,3,2,676010
2008,3,2,702500
2009,3,2,689390
2010,3,2,631760
2011,3,2,568480
2012,3,2,546530
2013,3,2,579280
2014,3,2,629630
2015,3,2,675300
2016,3,2,690580
2017,3,2,657540
2018,3,2,587480
2019,3,2,570640
2020,3,2,590340
2021,3,2,505120
2022,3,2,457680
2023,3,2,428990
2024,3,2,406720
1952,4,2,3217500
1953,4,2,3203400
1954,4,2,3075400
1955,4,2,2790100
1956,4,2,2952400
1957,4,2,2979600
1958,4,2,3004600
1959,4,2,3396300
1960,4,2,3318900
1961,4,2,2792100
1962,4,2,2402600
1963,4,2,2253000
1964,4,2,2209300
1965,4,2,2452600
1966,4,2,2261000
1967,4,2,2018900
1968,4,2,1767000
1969,4,2,1823900
1970,4,2,1859900
1971,4,2,1920500
1972,4,2,1715100
1973,4,2,1575200
1974,4,2,1675900
1975,4,2,1578000
1976,4,2,1514300
1977,4,2,1608600
1978,4,2,1692200
1979,4,2,1496200
1980,4,2,1269500
1981,4,2,1105700
1982,4,2,1081700
1983,4,2,1117900
1984,4,2,1151900
1985,4,2,1146700
1986,4,2,1338500
1987,4,2,1357000
1988,4,2,1259000
1989,4,2,1142600
1990,4,2,984440
1991,4,2,851350
1992,4,2,678200
1993,4,2,573310
1994,4,2,547970
1995,4,2,576180
1996,4,2,617160
1997,4,2,618730
1998,4,2,578120
1999,4,2,547750
2000,4,2,558840
2001,4,2,596060
2002,4,2,594760
2003,4,2,593900
2004,4,2,584620
2005,4,2,593270
2006,4,2,556040
2007,4,2,571330
2008,4,2,587880
2009,4,2,564530
2010,4,2,513820
2011,4,2,464490
2012,4,2,455800
2013,4,2,495200
2014,4,2,531230
2015,4,2,570240
2016,4,2,569030
2017,4,2,535480
2018,4,2,477550
2019,4,2,481120
2020,4,2,484240
2021,4,2,403490
2022,4,2,380160
2023,4,2,351540
2024,4,2,354660
1952,1,3,1489100
1953,1,3,1364200
1954,1,3,1401400
1955,1,3,1415000
1956,1,3,1330900
1957,1,3,1359300
1958,1,3,1308900
1959,1,3,1209000
1960,1,3,1181600
1961,1,3,1139900
1962,1,3,1039200
1963,1,3,947570
1964,1,3,893490
1965,1,3,856270
1966,1,3,844720
1967,1,3,783660
1968,1,3,706080
1969,1,3,645700
1970,1,3,631760
1971,1,3,642340
1972,1,3,648870
1973,1,3,617450
1974,1,3,581980
1975,1,3,574060
1976,1,3,552760
1977,1,3,538820
1978,1,3,562720
1979,1,3,613270
1980,1,3,621070
1981,1,3,593290
1982,1,3,561430
1983,1,3,548220
1984,1,3,542280
1985,1,3,532200
1986,1,3,510050
1987,1,3,535040
1988,1,3,546980
1989,1,3,534090
1990,1,3,493570
1991,1,3,463790
1992,1,3,422000
1993,1,3,388050
1994,1,3,351930
1995,1,3,330200
1996,1,3,309400
1997,1,3,311680
1998,1,3,305990
1999,1,3,277920
2000,1,3,255350
2001,1,3,237030
2002,1,3,224600
2003,1,3,227630
2004,1,3,204210
2005,1,3,209280
2006,1,3,210840
2007,1,3,200320
2008,1,3,201850
2009,1,3,204150
2010,1,3,207200
2011,1,3,181880
2012,1,3,174700
2013,1,3,160870
2014,1,3,164980
2015,1,3,184730
2016,1,3,216470
2017,1,3,214120
2018,1,3,201420
2019,1,3,205940
2020,1,3,227220
2021,1,3,234970
2022,1,3,249740
2023,1,3,275960
2024,1,3,272230
1952,2,3,1472400
1953,2,3,1243000
1954,2,3,1289600
1955,2,3,1269300
1956,2,3,1208700
1957,2,3,1236800
1958,2,3,1169300
1959,2,3,1094800
1960,2,3,1080400
1961,2,3,1025200
1962,2,3,924270
1963,2,3,851920
1964,2,3,805900
1965,2,3,782060
1966,2,3,767230
1967,2,3,699940
1968,2,3,630240
1969,2,3,584690
1970,2,3,581780
1971,2,3,594170
1972,2,3,593030
1973,2,3,554630
1974,2,3,531420
1975,2,3,524950
1976,2,3,501400
1977,2,3,496040
1978,2,3,527690
1979,2,3,568530
1980,2,3,559910
1981,2,3,531130
1982,2,3,503610
1983,2,3,496120
1984,2,3,492220
1985,2,3,478100
1986,2,3,464430
1987,2,3,495060
1988,2,3,498200
1989,2,3,477830
1990,2,3,444850
1991,2,3,399160
1992,2,3,372500
1993,2,3,340930
1994,2,3,311010
1995,2,3,293500
1996,2,3,277410
1997,2,3,277290
1998,2,3,268920
1999,2,3,245100
2000,2,3,226110
2001,2,3,216570
2002,2,3,205120
2003,2,3,192460
2004,2,3,188670
2005,2,3,192890
2006,2,3,190400
2007,2,3,180860
2008,2,3,186800
2009,2,3,187080
2010,2,3,179750
2011,2,3,166770
2012,2,3,156660
2013,2,3,146350
2014,2,3,153890
2015,2,3,175420
2016,2,3,201350
2017,2,3,186700
2018,2,3,183290
2019,2,3,186710
2020,2,3,198060
2021,2,3,216000
2022,2,3,234260
2023,2,3,251330
2024,2,3,235740
1952,3,3,1644900
1953,3,3,1452200
1954,3,3,1480100
1955,3,3,1415800
1956,3,3,1389700
1957,3,3,1408300
1958,3,3,1325100
1959,3,3,1283900
1960,3,3,1276900
1961,3,3,1184700
1962,3,3,1056900
1963,3,3,976380
1964,3,3,925010
1965,3,3,913300
1966,3,3,888640
1967,3,3,804410
1968,3,3,726860
1969,3,3,687600
1970,3,3,694590
1971,3,3,711480
1972,3,3,695450
1973,3,3,644170
1974,3,3,629800
1975,3,3,619950
1976,3,3,592620
1977,3,3,599910
1978,3,3,650630
1979,3,3,682740
1980,3,3,654090
1981,3,3,614010
1982,3,3,588460
1983,3,3,581530
1984,3,3,576810
1985,3,3,550510
1986,3,3,555290
1987,3,3,583840
1988,3,3,573050
1989,3,3,540500
1990,3,3,494570
1991,3,3,436740
1992,3,3,406090
1993,3,3,361860
1994,3,3,329470
1995,3,3,311750
1996,3,3,305180
1997,3,3,309680
1998,3,3,286910
1999,3,3,263000
2000,3,3,239770
2001,3,3,241260
2002,3,3,230580
2003,3,3,212910
2004,3,3,217610
2005,3,3,219770
2006,3,3,207330
2007,3,3,203510
2008,3,3,211570
2009,3,3,214090
2010,3,3,210890
2011,3,3,194110
2012,3,3,179860
2013,3,3,174460
2014,3,3,191270
2015,3,3,215570
2016,3,3,234350
2017,3,3,214370
2018,3,3,210260
2019,3,3,219970
2020,3,3,231040
2021,3,3,253750
2022,3,3,262330
2023,3,3,279820
2024,3,3,256840
1952,4,3,1480100
1953,4,3,1309800
1954,4,3,1326300
1955,4,3,1250600
1956,4,3,1260000
1957,4,3,1250000
1958,4,3,1164800
1959,4,3,1143500
1960,4,3,1121700
1961,4,3,1025200
1962,4,3,919810
1963,4,3,859150
1964,4,3,818480
1965,4,3,814310
1966,4,3,773150
1967,4,3,698030
1968,4,3,632680
1969,4,3,611330
1970,4,3,620030
1971,4,3,633250
1972,4,3,607120
1973,4,3,565290
1974,4,3,559370
1975,4,3,543300
1976,4,3,523530
1977,4,3,539730
1978,4,3,588810
1979,4,3,604640
1980,4,3,574730
1981,4,3,539990
1982,4,3,523480
1983,4,3,516670
1984,4,3,506460
1985,4,3,485090
1986,4,3,501650
1987,4,3,519340
1988,4,3,507100
1989,4,3,459550
1990,4,3,429090
1991,4,3,379870
1992,4,3,351840
1993,4,3,318540
1994,4,3,294110
1995,4,3,273710
1996,4,3,273000
1997,4,3,274930
1998,4,3,249050
1999,4,3,229830
2000,4,3,209770
2001,4,3,213930
2002,4,3,202660
2003,4,3,179860
2004,4,3,187440
2005,4,3,187650
2006,4,3,180580
2007,4,3,175040
2008,4,3,179160
2009,4,3,182560
2010,4,3,175210
2011,4,3,157480
2012,4,3,142420
2013,4,3,142670
2014,4,3,164150
2015,4,3,191390
2016,4,3,202080
2017,4,3,178320
2018,4,3,180320
2019,4,3,198300
2020,4,3,201170
2021,4,3,227920
2022,4,3,233370
2023,4,3,236770
2024,4,3,214410
1952,1,4,5008700
1953,1,4,5217200
1954,1,4,5123100
1955,1,4,4978900
1956,1,4,4681700
1957,1,4,4870900
1958,1,4,4827100
1959,1,4,4735300
1960,1,4,4997500
1961,1,4,4821900
1962,1,4,4204500
1963,1,4,3709000
1964,1,4,3442500
1965,1,4,3332400
1966,1,4,3476500
1967,1,4,3226100
1968,1,4,2931800
1969,1,4,2664500
1970,1,4,2686800
1971,1,4,2748200
1972,1,4,2793800
1973,1,4,2564100
1974,1,4,2419100
1975,1,4,2466000
1976,1,4,2356000
1977,1,4,2316300
1978,1,4,2482700
1979,1,4,2697400
1980,1,4,2576600
1981,1,4,2365000
1982,1,4,2200100
1983,1,4,2151300
1984,1,4,2139200
1985,1,4,2098900
1986,1,4,2029200
1987,1,4,2166200
1988,1,4,2102200
1989,1,4,1974900
1990,1,4,1833700
1991,1,4,1603500
1992,1,4,1431300
1993,1,4,1158900
1994,1,4,959610
1995,1,4,861980
1996,1,4,910760
1997,1,4,993310
1998,1,4,942740
1999,1,4,823430
2000,1,4,775720
2001,1,4,759340
2002,1,4,776900
2003,1,4,774090
2004,1,4,794060
2005,1,4,787800
2006,1,4,759580
2007,1,4,749100
2008,1,4,780840
2009,1,4,810210
2010,1,4,856190
2011,1,4,819020
2012,1,4,765480
2013,1,4,718980
2014,1,4,796100
2015,1,4,839370
2016,1,4,888730
2017,1,4,889290
2018,1,4,835670
2019,1,4,813220
2020,1,4,848680
2021,1,4,899830
2022,1,4,859790
2023,1,4,946090
2024,1,4,894640
1952,2,4,4970800
1953,2,4,4873300
1954,2,4,4797900
1955,2,4,4587900
1956,2,4,4423000
1957,2,4,4595400
1958,2,4,4496800
1959,2,4,4501100
1960,2,4,4701300
1961,2,4,4401400
1962,2,4,3813000
1963,2,4,3406900
1964,2,4,3185800
1965,2,4,3148300
1966,2,4,3239900
1967,2,4,2947200
1968,2,4,2678700
1969,2,4,2475200
1970,2,4,2532600
1971,2,4,2591800
1972,2,4,2583100
1973,2,4,2350200
1974,2,4,2272800
1975,2,4,2297900
1976,2,4,2184600
1977,2,4,2195900
1978,2,4,2392900
1979,2,4,2528500
1980,2,4,2370300
1981,2,4,2180700
1982,2,4,2047500
1983,2,4,2017900
1984,2,4,2007400
1985,2,4,1941600
1986,2,4,1934500
1987,2,4,2034900
1988,2,4,1940000
1989,2,4,1826000
1990,2,4,1668700
1991,2,4,1469000
1992,2,4,1289000
1993,2,4,1032900
1994,2,4,880610
1995,2,4,803900
1996,2,4,871980
1997,2,4,941050
1998,2,4,855080
1999,2,4,767300
2000,2,4,718040
2001,2,4,720110
2002,2,4,735570
2003,2,4,725500
2004,2,4,746870
2005,2,4,745880
2006,2,4,710940
2007,2,4,707500
2008,2,4,752320
2009,2,4,783100
2010,2,4,808660
2011,2,4,762130
2012,2,4,694640
2013,2,4,691220
2014,2,4,765930
2015,2,4,807620
2016,2,4,843090
2017,2,4,837470
2018,2,4,779620
2019,2,4,752500
2020,2,4,825980
2021,2,4,841130
2022,2,4,818360
2023,2,4,905820
2024,2,4,840870
1952,3,4,4711600
1953,3,4,4581900
1954,3,4,4518100
1955,3,4,4259500
1956,3,4,4238200
1957,3,4,4349300
1958,3,4,4213300
1959,3,4,4301800
1960,3,4,4389200
1961,3,4,4009000
1962,3,4,3489000
1963,3,4,3159000
1964,3,4,2973800
1965,3,4,2996200
1966,3,4,2987200
1967,3,4,2708100
1968,3,4,2456900
1969,3,4,2329900
1970,3,4,2394400
1971,3,4,2455200
1972,3,4,2385800
1973,3,4,2181800
1974,3,4,2157100
1975,3,4,2143800
1976,3,4,2045700
1977,3,4,2103100
1978,3,4,2315300
1979,3,4,2377000
1980,3,4,2215200
1981,3,4,2045700
1982,3,4,1948300
1983,3,4,1928500
1984,3,4,1916300
1985,3,4,1824400
1986,3,4,1869300
1987,3,4,1913600
1988,3,4,1811600
1989,3,4,1706000
1990,3,4,1533200
1991,3,4,1366000
1992,3,4,1161500
1993,3,4,942820
1994,3,4,818760
1995,3,4,784990
1996,3,4,855770
1997,3,4,891840
1998,3,4,791010
1999,3,4,718190
2000,3,4,676990
2001,3,4,671420
2002,3,4,690070
2003,3,4,687200
2004,3,4,700570
2005,3,4,701210
2006,3,4,664660
2007,3,4,663830
2008,3,4,725270
2009,3,4,744340
2010,3,4,748860
2011,3,4,709010
2012,3,4,637270
2013,3,4,668080
2014,3,4,722520
2015,3,4,769730
2016,3,4,801380
2017,3,4,782480
2018,3,4,728760
2019,3,4,717610
2020,3,4,796180
2021,3,4,793980
2022,3,4,813100
2023,3,4,857360
2024,3,4,809470
1952,4,4,5693500
1953,4,4,5581300
1954,4,4,5472400
1955,4,4,5096800
1956,4,4,5237400
1957,4,4,5283100
1958,4,4,5137400
1959,4,4,5415300
1960,4,4,5374400
1961,4,4,4750600
1962,4,4,4145600
1963,4,4,3812100
1964,4,4,3637800
1965,4,4,3783700
1966,4,4,3618600
1967,4,4,3276600
1968,4,4,2955300
1969,4,4,2909800
1970,4,4,2986300
1971,4,4,3061300
1972,4,4,2867700
1973,4,4,2650400
1974,4,4,2689900
1975,4,4,2610000
1976,4,4,2518000
1977,4,4,2646300
1978,4,4,2907100
1979,4,4,2841600
1980,4,4,2599300
1981,4,4,2397200
1982,4,4,2317600
1983,4,4,2308100
1984,4,4,2289900
1985,4,4,2184400
1986,4,4,2328800
1987,4,4,2320000
1988,4,4,2179700
1989,4,4,2040500
1990,4,4,1790000
1991,4,4,1605800
1992,4,4,1316000
1993,4,4,1073300
1994,4,4,956760
1995,4,4,978060
1996,4,4,1066100
1997,4,4,1062200
1998,4,4,934280
1999,4,4,874020
2000,4,4,836290
2001,4,4,843840
2002,4,4,848720
2003,4,4,869200
2004,4,4,864890
2005,4,4,852200
2006,4,4,825990
2007,4,4,846970
2008,4,4,892800
2009,4,4,932040
2010,4,4,905020
2011,4,4,856750
2012,4,4,779180
2013,4,4,851110
2014,4,4,902600
2015,4,4,951740
2016,4,4,962920
2017,4,4,916310
2018,4,4,882930
2019,4,4,890910
2020,4,4,979520
2021,4,4,924170
2022,4,4,985580
2023,4,4,955940
2024,4,4,943830
1952,1,5,1968300
1953,1,5,1695500
1954,1,5,1841400
1955,1,5,1863600
1956,1,5,1755600
1957,1,5,1792800
1958,1,5,1724900
1959,1,5,1584700
1960,1,5,1545600
1961,1,5,1491000
1962,1,5,1362100
1963,1,5,1244600
1964,1,5,1172000
1965,1,5,1124100
1966,1,5,1105300
1967,1,5,1024400
1968,1,5,923850
1969,1,5,844960
1970,1,5,824050
1971,1,5,836950
1972,1,5,848400
1973,1,5,807150
1974,1,5,759850
1975,1,5,749760
1976,1,5,723470
1977,1,5,704180
1978,1,5,735550
1979,1,5,801250
1980,1,5,810900
1981,1,5,778980
1982,1,5,738330
1983,1,5,725970
1984,1,5,721670
1985,1,5,709290
1986,1,5,682430
1987,1,5,711210
1988,1,5,723040
1989,1,5,707190
1990,1,5,675920
1991,1,5,630070
1992,1,5,584220
1993,1,5,526510
1994,1,5,478470
1995,1,5,445840
1996,1,5,433120
1997,1,5,426800
1998,1,5,415750
1999,1,5,380460
2000,1,5,345530
2001,1,5,325470
2002,1,5,322820
2003,1,5,311460
2004,1,5,294640
2005,1,5,290860
2006,1,5,296950
2007,1,5,288150
2008,1,5,287030
2009,1,5,297150
2010,1,5,301280
2011,1,5,289140
2012,1,5,263360
2013,1,5,249450
2014,1,5,252660
2015,1,5,270280
2016,1,5,294490
2017,1,5,312940
2018,1,5,296850
2019,1,5,292520
2020,1,5,316460
2021,1,5,337770
2022,1,5,362590
2023,1,5,399740
2024,1,5,400850
1952,2,5,1946900
1953,2,5,2335100
1954,2,5,2448500
1955,2,5,2402900
1956,2,5,2295600
1957,2,5,2353300
1958,2,5,2235000
1959,2,5,2102200
1960,2,5,2093300
1961,2,5,1983400
1962,2,5,1782900
1963,2,5,1633700
1964,2,5,1541500
1965,2,5,1498300
1966,2,5,1478000
1967,2,5,1348800
1968,2,5,1217600
1969,2,5,1126600
1970,2,5,1124400
1971,2,5,1148200
1972,2,5,1147000
1973,2,5,1071500
1974,2,5,1024300
1975,2,5,1016300
1976,2,5,972780
1977,2,5,964040
1978,2,5,1029900
1979,2,5,1106400
1980,2,5,1085500
1981,2,5,1027200
1982,2,5,975310
1983,2,5,965590
1984,2,5,960110
1985,2,5,933280
1986,2,5,915320
1987,2,5,962040
1988,2,5,955080
1989,2,5,927700
1990,2,5,868130
1991,2,5,805760
1992,2,5,732570
1993,2,5,649950
1994,2,5,585610
1995,2,5,552190
1996,2,5,546440
1997,2,5,545620
1998,2,5,522760
1999,2,5,469920
2000,2,5,433870
2001,2,5,416470
2002,2,5,412310
2003,2,5,402930
2004,2,5,384460
2005,2,5,386550
2006,2,5,384480
2007,2,5,375660
2008,2,5,382390
2009,2,5,394770
2010,2,5,399230
2011,2,5,370810
2012,2,5,344470
2013,2,5,330340
2014,2,5,345450
2015,2,5,372750
2016,2,5,404220
2017,2,5,412290
2018,2,5,388010
2019,2,5,389770
2020,2,5,427940
2021,2,5,440830
2022,2,5,475480
2023,2,5,516470
2024,2,5,498320
1952,3,5,2020000
1953,3,5,2401300
1954,3,5,2506900
1955,3,5,2406900
1956,3,5,2358800
1957,3,5,2383300
1958,3,5,2227100
1959,3,5,2120000
1960,3,5,2096300
1961,3,5,1953800
1962,3,5,1759000
1963,3,5,1630400
1964,3,5,1544500
1965,3,5,1515400
1966,3,5,1464200
1967,3,5,1326900
1968,3,5,1197500
1969,3,5,1128800
1970,3,5,1135000
1971,3,5,1161500
1972,3,5,1140000
1973,3,5,1062800
1974,3,5,1030800
1975,3,5,1014400
1976,3,5,972770
1977,3,5,980820
1978,3,5,1061500
1979,3,5,1118500
1980,3,5,1086900
1981,3,5,1027400
1982,3,5,985400
1983,3,5,980410
1984,3,5,973820
1985,3,5,935970
1986,3,5,941170
1987,3,5,980160
1988,3,5,963970
1989,3,5,938070
1990,3,5,871100
1991,3,5,815810
1992,3,5,735100
1993,3,5,654340
1994,3,5,594260
1995,3,5,569120
1996,3,5,566390
1997,3,5,560090
1998,3,5,529140
1999,3,5,473630
2000,3,5,440570
2001,3,5,428430
2002,3,5,422030
2003,3,5,408450
2004,3,5,393540
2005,3,5,399090
2006,3,5,392080
2007,3,5,386140
2008,3,5,395320
2009,3,5,408180
2010,3,5,407020
2011,3,5,374300
2012,3,5,351040
2013,3,5,344140
2014,3,5,358990
2015,3,5,389830
2016,3,5,419700
2017,3,5,419690
2018,3,5,397630
2019,3,5,406280
2020,3,5,450180
2021,3,5,457270
2022,3,5,508520
2023,3,5,539940
2024,3,5,513170
1952,4,5,1870200
1953,4,5,2226000
1954,4,5,2305000
1955,4,5,2178500
1956,4,5,2190300
1957,4,5,2161400
1958,4,5,1992400
1959,4,5,1915600
1960,4,5,1872200
1961,4,5,1724500
1962,4,5,1562700
1963,4,5,1464300
1964,4,5,1393900
1965,4,5,1372600
1966,4,5,1296800
1967,4,5,1170100
1968,4,5,1060800
1969,4,5,1018000
1970,4,5,1028200
1971,4,5,1049900
1972,4,5,1013500
1973,4,5,948310
1974,4,5,929430
1975,4,5,904970
1976,4,5,873450
1977,4,5,896340
1978,4,5,976090
1979,4,5,1008700
1980,4,5,975260
1981,4,5,921900
1982,4,5,896680
1983,4,5,893950
1984,4,5,885480
1985,4,5,846490
1986,4,5,869820
1987,4,5,893330
1988,4,5,874100
1989,4,5,854610
1990,4,5,791750
1991,4,5,747330
1992,4,5,667580
1993,4,5,599020
1994,4,5,551150
1995,4,5,535320
1996,4,5,530550
1997,4,5,519380
1998,4,5,484420
1999,4,5,434720
2000,4,5,408000
2001,4,5,398690
2002,4,5,390720
2003,4,5,378230
2004,4,5,363520
2005,4,5,373310
2006,4,5,363110
2007,4,5,361090
2008,4,5,372900
2009,4,5,382860
2010,4,5,374390
2011,4,5,344340
2012,4,5,325300
2013,4,5,324710
2014,4,5,338200
2015,4,5,365560
2016,4,5,390630
2017,4,5,386010
2018,4,5,369150
2019,4,5,385870
2020,4,5,426810
2021,4,5,435900
2022,4,5,494020
2023,4,5,511580
2024,4,5,477840
