year,season,fishery,area,obs,pred
1952,1,32,1,2.31613535166486,2.11277024775823
1952,2,32,1,0.95873554819969,1.79750573293216
1952,3,32,1,1.62255164565226,1.65417103806393
1952,4,32,1,2.5787376596707,2.33730837450765
1953,1,32,1,1.49600766020939,2.08652499422998
1953,2,32,1,1.74630128534073,1.7666763270208
1953,3,32,1,1.31863881000578,1.61526656696743
1953,4,32,1,1.82157224673754,2.28279370021024
1954,1,32,1,1.77109854330547,2.04214351732903
1954,2,32,1,1.79966403453364,1.71635009787972
1954,3,32,1,1.2134893865515,1.55706089102028
1954,4,32,1,2.53780618213737,2.12718604360002
1955,1,32,1,1.25696489297287,1.8470688921368
1955,2,32,1,1.23035162190704,1.52928453216922
1955,3,32,1,0.786470551225849,1.42375820683294
1955,4,32,1,2.55231298247938,2.06679686377621
1956,1,32,1,2.30343157464161,1.94565756572794
1956,2,32,1,0.828780446747526,1.73048203041991
1956,3,32,1,0.97915042164097,1.64378251872006
1956,4,32,1,1.53050844929653,2.31544061527503
1957,1,32,1,1.00242493541138,2.06060576447715
1957,2,32,1,1.0925888806888,1.74385817411815
1957,3,32,1,1.36738478571188,1.61026699395183
1957,4,32,1,1.44008191876342,2.17472017262641
1958,1,32,1,0.749911559553721,1.93808427873038
1958,2,32,1,1.46711809948453,1.65202201288346
1958,3,32,1,1.44166688044317,1.57082349349761
1958,4,32,1,2.915379499977,2.19416156804315
1959,1,32,1,3.02224520339094,2.05648867141363
1959,2,32,1,2.23356731466165,1.82649713741427
1959,3,32,1,3.06792059043433,1.72823386540424
1959,4,32,1,3.47640947118253,2.37928494675128
1960,1,32,1,2.1079164601838,2.10118190854066
1960,2,32,1,1.72598862110421,1.76844388698051
1960,3,32,1,2.79267522939589,1.60656763575847
1960,4,32,1,2.13080533540053,2.09300325783267
1961,1,32,1,1.56533522134924,1.80020401473698
1961,2,32,1,1.85558498102838,1.48408734376843
1961,3,32,1,1.19458638006547,1.34823994851661
1961,4,32,1,2.17972778557081,1.74019991446954
1962,1,32,1,2.40463950896379,1.54141372721191
1962,2,32,1,1.17480244318437,1.31166851191898
1962,3,32,1,2.04193931318767,1.22348090877658
1962,4,32,1,2.07777996666728,1.63035861528914
1963,1,32,1,1.29965650158147,1.47005527187683
1963,2,32,1,0.556771698554089,1.28017911277827
1963,3,32,1,0.970028331673914,1.20767859455356
1963,4,32,1,1.60383879095296,1.63133712398157
1964,1,32,1,1.44296496468585,1.46038485456317
1964,2,32,1,1.43591173089402,1.27112203176241
1964,3,32,1,1.7501473773184,1.21421769865521
1964,4,32,1,2.56203022287648,1.73030899086899
1965,1,32,1,1.90522478691885,1.58962795772456
1965,2,32,1,1.08814019953635,1.45281056354349
1965,3,32,1,1.70693608460902,1.40846435366223
1965,4,32,1,2.34949403330963,1.8843821588797
1966,1,32,1,2.41041757469071,1.61075014651928
1966,2,32,1,1.80236555622017,1.32949610230932
1966,3,32,1,2.23736760843104,1.20562728504992
1966,4,32,1,2.00050570280317,1.58772154824975
1967,1,32,1,1.36779506268606,1.39041185247501
1967,2,32,1,0.799155287327728,1.21969399071506
1967,3,32,1,0.998958542693488,1.16276408200859
1967,4,32,1,1.67347114631526,1.51043849090614
1968,1,32,1,1.30604044633065,1.31943023069425
1968,2,32,1,0.956973096743588,1.11806554496989
1968,3,32,1,0.863898494756896,1.05133417453413
1968,4,32,1,0.967809508316769,1.48735593005131
1969,1,32,1,1.09145317892017,1.36711133610061
1969,2,32,1,1.01613884674376,1.27417638840051
1969,3,32,1,1.75084757629979,1.2781324639535
1969,4,32,1,2.07923492181884,1.73082816143794
1970,1,32,1,2.12357289936866,1.53987308393473
1970,2,32,1,2.08298091506062,1.33963876598888
1970,3,32,1,2.06659019442347,1.28171624981137
1970,4,32,1,2.53020417230721,1.77482175825383
1971,1,32,1,1.52150503563337,1.59951426695193
1971,2,32,1,1.35540458977185,1.45310115471435
1971,3,32,1,1.48067786528104,1.41637388004639
1971,4,32,1,1.61203926221402,1.78193526281129
1972,1,32,1,1.0348950286711,1.52959041966338
1972,2,32,1,1.15349907877873,1.27328477702902
1972,3,32,1,1.13292184603767,1.15939695087071
1972,4,32,1,1.24707399082276,1.46829226356713
1973,1,32,1,0.71533808635256,1.30395245245706
1973,2,32,1,1.22593031918807,1.16264781141401
1973,3,32,1,1.13666666368028,1.12614466683059
1973,4,32,1,1.913052243867,1.52165719374471
1974,1,32,1,1.61930978530193,1.38458436897636
1974,2,32,1,0.999988310068328,1.2555829917756
1974,3,32,1,0.865368371238997,1.2136107415578
1974,4,32,1,1.31245574917369,1.54511756298231
1975,1,32,1,1.26175044635899,1.33870134698761
1975,2,32,1,0.704265403683373,1.13099751504419
1975,3,32,1,0.928328148874304,1.04507640753269
1975,4,32,1,1.30643231724225,1.3380321636239
1976,1,32,1,1.48780220376803,1.19363109312714
1976,2,32,1,0.906295379623143,1.0571853010598
1976,3,32,1,1.14556733113372,1.02015033123498
1976,4,32,1,1.32843293075279,1.38195615626803
1977,1,32,1,1.33682847641713,1.26718765489886
1977,2,32,1,1.23232176019242,1.1467134714395
1977,3,32,1,1.13814529124274,1.12749685157938
1977,4,32,1,1.80669642852305,1.56799855441722
1978,1,32,1,1.57680397849789,1.44426421773024
1978,2,32,1,1.69893230861855,1.30056657962273
1978,3,32,1,1.6362384837171,1.24844652696915
1978,4,32,1,2.51506839999758,1.63133712398157
1979,1,32,1,1.90598702927192,1.42190852371858
1979,2,32,1,1.44802419054288,1.19793590908191
1979,3,32,1,1.11493934017314,1.10528144069349
1979,4,32,1,1.64000616340037,1.41524123406116
1980,1,32,1,1.81158110021941,1.2570905957472
1980,2,32,1,1.95306512993593,1.08811843694999
1980,3,32,1,1.60512237535102,1.02759384854422
1980,4,32,1,1.72685183119931,1.32141086114176
1981,1,32,1,1.10255476436651,1.18128165812998
1981,2,32,1,1.07876837837208,1.02812833630024
1981,3,32,1,1.12019188889238,0.985102088532922
1981,4,32,1,1.17727212056871,1.2905906734875
1982,1,32,1,1.06412195104992,1.18435698663574
1982,2,32,1,1.23676611356528,1.06108291016988
1982,3,32,1,0.900414559540297,1.03666621310122
1982,4,32,1,1.93227873855861,1.35554013700808
1983,1,32,1,1.18530485132037,1.2371371990594
1983,2,32,1,1.29757871385239,1.09627711640332
1983,3,32,1,1.15638643416609,1.06544228070443
1983,4,32,1,1.65615723478929,1.37919500602612
1984,1,32,1,1.73411986106907,1.26137197799817
1984,2,32,1,0.820369853137831,1.11337951722773
1984,3,32,1,0.813670325943241,1.0605737125902
1984,4,32,1,1.18376495616237,1.30773940299345
1985,1,32,1,1.15476862588829,1.16427665827675
1985,2,32,1,0.710561341139456,1.00598684997833
1985,3,32,1,0.713337941220719,1.0186314390971
1985,4,32,1,0.869532124434209,1.35432069971387
1986,1,32,1,1.99650868974296,1.33295728976922
1986,2,32,1,1.51725078027055,1.2542026098339
1986,3,32,1,1.1809273267849,1.2755787535872
1986,4,32,1,1.4304656204799,1.59185499542802
1987,1,32,1,0.912460939928028,1.45324647209557
1987,2,32,1,1.36097315635077,1.27252103530823
1987,3,32,1,0.962472292738249,1.25357566527819
1987,4,32,1,1.50455925275793,1.49975235828214
1988,1,32,1,1.2837686372832,1.38264730711948
1988,2,32,1,0.950003129673328,1.23109005438777
1988,3,32,1,1.68826267969514,1.2428411391794
1988,4,32,1,1.78728909533313,1.47978972503059
1989,1,32,1,1.31048854132467,1.38458436897636
1989,2,32,1,1.15372980166601,1.24782245973547
1989,3,32,1,1.24819686263102,1.24023391133452
1989,4,32,1,1.19065074238501,1.42803589477709
1990,1,32,1,1.05798906728108,1.30590984881601
1990,2,32,1,0.993874835772595,1.15951289636297
1990,3,32,1,0.770434991205648,1.17880356955161
1990,4,32,1,1.11349086074654,1.37506362118384
1991,1,32,1,1.49810353770561,1.30551813462143
1991,2,32,1,1.51376511352928,1.20454270862598
1991,3,32,1,1.06748989496404,1.2050246220857
1991,4,32,1,0.810584245970187,1.3356258720415
1992,1,32,1,0.890475223297473,1.2043018241735
1992,2,32,1,0.909236538757995,1.05511524718522
1992,3,32,1,0.989317467880985,1.04051938797159
1992,4,32,1,1.80651576791337,1.15349907877873
1993,1,32,1,1.57711937083177,1.06992654865421
1993,2,32,1,1.21458201861007,0.977282029218406
1993,3,32,1,2.3993551170066,0.985575051037338
1993,4,32,1,2.03480501789121,1.0945244755037
1994,1,32,1,1.40494759056359,1.01465636650142
1994,2,32,1,0.795487615119426,0.926658661196002
1994,3,32,1,0.665710758048883,0.943999162518156
1994,4,32,1,2.14405736732834,1.08032292384105
1995,1,32,1,2.04868884352104,1.01722669720598
1995,2,32,1,1.27711036687568,0.941444388070651
1995,3,32,1,0.820451894225131,0.96466923312602
1995,4,32,1,0.924705472759329,1.13337510542192
1996,1,32,1,0.802197854636238,1.07172553598218
1996,2,32,1,0.70005246272297,0.997198930336776
1996,3,32,1,0.837444739622632,1.00549504266538
1996,4,32,1,1.19757658221092,1.15407597252954
1997,1,32,1,1.24135062430017,1.05703730547759
1997,2,32,1,0.963011428166013,0.946324259154267
1997,3,32,1,1.0823774886148,0.921815669530904
1997,4,32,1,0.931694786711234,1.02994973491774
1998,1,32,1,1.42589544667234,0.927122106378241
1998,2,32,1,1.32511599632152,0.814728785216428
1998,3,32,1,1.00659968255855,0.783722715813611
1998,4,32,1,1.39570546901586,0.865281838728571
1999,1,32,1,0.757902901371165,0.780750220810926
1999,2,32,1,0.476255882934094,0.685641762332432
1999,3,32,1,0.487434186358212,0.658889128939672
1999,4,32,1,1.2872394961548,0.743489972544033
2000,1,32,1,1.66529119494589,0.677124583571012
2000,2,32,1,0.64992389991523,0.598337681274638
2000,3,32,1,0.511094895776047,0.581351333541412
2000,4,32,1,0.962655179847595,0.686533676241894
2001,1,32,1,0.822505590010793,0.637373151364576
2001,2,32,1,0.555103886427475,0.567338018684617
2001,3,32,1,0.394908968553137,0.545583180749543
2001,4,32,1,0.4440580419416,0.647458875607981
2002,1,32,1,0.438366482685236,0.589547491446184
2002,2,32,1,0.384812144552979,0.513246008512919
2002,3,32,1,0.455572686418359,0.487775509737909
2002,4,32,1,0.792074362127597,0.589724382225908
2003,1,32,1,1.06445187999109,0.540262579108718
2003,2,32,1,0.875815348192161,0.469869632694482
2003,3,32,1,0.377192353563157,0.443215132679285
2003,4,32,1,0.664114967943671,0.546730109282581
2004,1,32,1,0.332206006829244,0.499923596118121
2004,2,32,1,0.273897864331446,0.43456923625893
2004,3,32,1,0.41786369004938,0.416570318372102
2004,4,32,1,0.424688211197858,0.534031741915078
2005,1,32,1,0.537568008253998,0.498974643076362
2005,2,32,1,0.335880445265251,0.436616519015119
2005,3,32,1,0.596903392674358,0.411601348001362
2005,4,32,1,0.489681548585736,0.509716800822831
2006,1,32,1,0.717200385316635,0.460105255209723
2006,2,32,1,0.559226891491145,0.393686646328946
2006,3,32,1,0.358079589589914,0.374149435952751
2006,4,32,1,0.372916777818666,0.483501916640728
2007,1,32,1,0.601938499013055,0.455663810067704
2007,2,32,1,0.237639609200057,0.405351778496654
2007,3,32,1,0.229236742361958,0.396967843625472
2007,4,32,1,0.45826851012804,0.525397584074863
2008,1,32,1,0.662456754154701,0.495543568857965
2008,2,32,1,0.393057251345078,0.439156252934055
2008,3,32,1,0.361316851724339,0.428056535428959
2008,4,32,1,0.549250861069467,0.563605917243572
2009,1,32,1,0.444591231441647,0.529511709461059
2009,2,32,1,0.258205370762927,0.46771319599102
2009,3,32,1,0.297304028138473,0.451310367450006
2009,4,32,1,0.301495556771432,0.581525765104901
2010,1,32,1,0.535422031036719,0.536762260703358
2010,2,32,1,0.470480860428931,0.468227963576877
2010,3,32,1,0.444013638357622,0.445481303680078
2010,4,32,1,0.48128291543978,0.556549034410465
2011,1,32,1,0.552943197352777,0.507732776661486
2011,2,32,1,0.519597918583055,0.441269270132423
2011,3,32,1,0.424306163754918,0.420756919674047
2011,4,32,1,0.53424539734008,0.52914118096454
2012,1,32,1,0.706663981327262,0.490416622075906
2012,2,32,1,0.36312795998046,0.434091472917058
2012,3,32,1,0.256660776953556,0.423966854565686
2012,4,32,1,0.466778704402124,0.549086110524963
2013,1,32,1,0.407017132431173,0.523143224809353
2013,2,32,1,0.437403136492689,0.473548946499235
2013,3,32,1,0.186001600586909,0.470951576608223
2013,4,32,1,0.497380476245803,0.62319238730053
2014,1,32,1,0.493960363916527,0.591673687271585
2014,2,32,1,0.410737892116559,0.534833390614166
2014,3,32,1,0.420126257409483,0.530943322885021
2014,4,32,1,0.577411554901973,0.695516878333561
2015,1,32,1,0.889763127994934,0.653704411420074
2015,2,32,1,0.486703583168056,0.584323798685776
2015,3,32,1,0.521993574793482,0.567508245622987
2015,4,32,1,0.658230569145509,0.721805187431716
2016,1,32,1,1.22446008512191,0.661397670840643
2016,2,32,1,0.600435532256762,0.578336152870944
2016,3,32,1,0.555548147217239,0.551231727589718
2016,4,32,1,1.2123977374194,0.693294781573898
2017,1,32,1,0.798037252732299,0.636481453286964
2017,2,32,1,0.493861581722293,0.56332418472395
2017,3,32,1,0.954736397655747,0.546511460971445
2017,4,32,1,0.970523172296701,0.679091094926637
2018,1,32,1,0.669850986193512,0.629455574918482
2018,2,32,1,0.705745915023928,0.562704868806956
2018,3,32,1,0.43456923625893,0.557440225628375
2018,4,32,1,0.867881581909721,0.717846156216735
2019,1,32,1,0.952133521832227,0.697257845832015
2019,2,32,1,0.943338594330232,0.643264040898638
2019,3,32,1,0.764219673794607,0.65560290569937
2019,4,32,1,0.981002765851754,0.846114995606912
2020,1,32,1,0.429557358210739,0.814321522647947
2020,2,32,1,0.544384217095496,0.741411112383323
2020,3,32,1,0.700122471469621,0.730299905321046
2020,4,32,1,0.844677822058016,0.865022293110741
2021,1,32,1,0.986709114307428,0.819385999744164
2021,2,32,1,0.566941021036925,0.719283285179088
2021,3,32,1,0.76094058429225,0.734254191774292
2021,4,32,1,0.870402091469664,0.922156804434695
2022,1,32,1,0.640503943983988,0.906739573177692
2022,2,32,1,0.604290642858362,0.834268488311645
2022,3,32,1,0.67922692672835,0.833267966558785
2022,4,32,1,0.839121305108508,0.999722938388659
2023,1,32,1,0.790649910666684,0.904566007524161
2023,2,32,1,0.512527966847447,0.778255813284933
2023,3,32,1,0.532538544489667,0.726948240495768
2023,4,32,1,1.07088991599827,0.840969404143285
2024,1,32,1,1.36029283986589,0.741188722409772
2024,2,32,1,1.08929423968108,0.636545104614806
2024,3,32,1,0.899604550995232,0.604955728295434
2024,4,32,1,1.03035149365222,0.767666411670536
1952,1,33,2,4.09186149596232,3.12364315968415
1952,2,33,2,3.4418186189883,3.18993327611618
1952,3,33,2,3.31348332470031,2.69258042604582
1952,4,33,2,0.0344929611637407,3.17719902848597
1953,1,33,2,2.93879607739822,3.13302815962437
1953,2,33,2,4.95798793416143,3.20271856274687
1953,3,33,2,2.89214950783889,2.68720064676627
1953,4,33,2,2.18846415780908,3.15819290968977
1954,1,33,2,2.95943981873949,3.09256239093702
1954,2,33,2,3.07099004549651,3.13302815962437
1954,3,33,2,1.98079840841172,2.60960795176443
1954,4,33,2,3.40416608279082,2.9772498342685
1955,1,33,2,2.30020902674699,2.69284969755178
1955,2,33,2,0.0164077745262926,2.61666341382178
1955,3,33,2,1.89439589728806,2.08589913061595
1955,4,33,2,3.6002381642143,2.55078205401436
1956,1,33,2,2.95648185814754,2.67593807201281
1956,2,33,2,3.41098122782972,3.4487091444549
1956,3,33,2,1.80814236396292,2.8462433443487
1956,4,33,2,3.34343927419294,2.84339852365177
1957,1,33,2,2.3513743805749,2.62846493268637
1957,2,33,2,3.58945363460447,3.26088946438519
1957,3,33,2,2.42080468654756,2.66952352117996
1957,4,33,2,2.87772485199067,2.63662581681258
1958,1,33,2,1.90446284940174,2.48879834096326
1958,2,33,2,3.61466795721745,3.25763020482219
1958,3,33,2,0.937714263047358,2.69446589218021
1958,4,33,2,3.15819290968977,2.64296131833372
1959,1,33,2,1.9037012165987,2.68773814064322
1959,2,33,2,3.51486107144747,4.15785784275601
1959,3,33,2,6.00144335821074,3.52542148736538
1959,4,33,2,3.64734680305677,3.26088946438519
1960,1,33,2,2.87772485199067,2.90374127394678
1960,2,33,2,4.53579331540313,3.72475098525122
1960,3,33,2,1.65532936315705,3.04043318398917
1960,4,33,2,3.54663760098212,2.88348606098324
1961,1,33,2,2.31683029650688,2.53907540250709
1961,2,33,2,3.7061737122102,2.95057480345496
1961,3,33,2,3.15819290968977,2.35773166988096
1961,4,33,2,4.36666692194639,2.29538365620321
1962,1,33,2,1.96658787916587,2.12314822725742
1962,2,33,2,2.40247630699263,2.65966453452437
1962,3,33,2,2.63425392109063,2.18212680535392
1962,4,33,2,3.00416602394643,2.10223276218645
1963,1,33,2,2.3487892908163,1.93789047999261
1963,2,33,2,1.96383658249209,2.51029430686227
1963,3,33,2,1.99072720175215,2.14362859873316
1963,4,33,2,2.71692302727342,2.07840339416673
1964,1,33,2,2.61065200374161,1.85021157978107
1964,2,33,2,3.19951744500975,2.28827898479931
1964,3,33,2,2.31428318434924,2.04889372264918
1964,4,33,2,2.20626270428712,2.06803731399233
1965,1,33,2,1.65070092377926,1.89534333207566
1965,2,33,2,2.00290775058695,2.56690270769472
1965,3,33,2,1.92379538916408,2.62846493268637
1965,4,33,2,2.61954332723897,2.71828182845905
1966,1,33,2,2.26437775649963,2.19131101126805
1966,2,33,2,2.19306476148361,2.15803913172283
1966,3,33,2,2.8547948952945,1.87554634316515
1966,4,33,2,2.24341666352338,1.97289104005793
1967,1,33,2,2.36079871419867,1.72357392771444
1967,2,33,2,1.64575624173949,1.9286108945106
1967,3,33,2,1.87535879790825,1.92745407505443
1967,4,33,2,2.65886675483695,2.07238475556768
1968,1,33,2,2.21267015243882,1.70727750596694
1968,2,33,2,1.86097398775632,1.67062866216262
1968,3,33,2,1.02952754208187,1.49167552263038
1968,4,33,2,1.26693424270995,1.60946206170469
1969,1,33,2,1.35188511513811,1.43304277734211
1969,2,33,2,1.42261965574863,1.71720848750818
1969,3,33,2,0.014436435861202,1.90579644009861
1969,4,33,2,2.65594360943135,2.10265325078635
1970,1,33,2,1.7077897660539,1.72892529722755
1970,2,33,2,2.61300264817631,1.7561080057275
1970,3,33,2,1.19136534719045,1.67096282130986
1970,4,33,2,2.15265077214942,1.82284779369961
1971,1,33,2,1.7917629080072,1.60721039135532
1971,2,33,2,1.68488952861121,1.85558498102838
1971,3,33,2,1.26820181063098,1.93131284068392
1971,4,33,2,2.09384062659839,2.08944817497097
1972,1,33,2,1.76138424013913,1.70761899561596
1972,2,33,2,1.11974390174023,1.6352570350909
1972,3,33,2,1.35757497295902,1.39458935114732
1972,4,33,2,2.24723371542621,1.48438419092091
1973,1,33,2,1.96403297596985,1.33482473688286
1973,2,33,2,2.60205105150582,1.51558272201249
1973,3,33,2,1.76755988605567,1.46858595138765
1973,4,33,2,1.80002400333623,1.58550029332345
1974,1,33,2,1.61736777899639,1.43118103212815
1974,2,33,2,1.35283176600785,1.72013022470992
1974,3,33,2,1.23565352480312,1.71086655591294
1974,4,33,2,2.6177102885483,1.80398841539786
1975,1,33,2,1.80687710719968,1.51043849090614
1975,2,33,2,2.35773166988096,1.54914009567253
1975,3,33,2,1.9299613947567,1.343260678038
1975,4,33,2,2.57461497843972,1.41679885595361
1976,1,33,2,1.97091913513466,1.30212819630089
1976,2,33,2,1.96030485615088,1.52226597837102
1976,3,33,2,1.88909900788146,1.41029654799027
1976,4,33,2,2.23133486375848,1.49885277676862
1977,1,33,2,2.31891638237156,1.38749505129797
1977,2,33,2,1.9448794583335,1.65930692479337
1977,3,33,2,1.54048915637458,1.54542661739931
1977,4,33,2,1.38721758003576,1.64674399177991
1978,1,33,2,1.60544343193068,1.53219293488798
1978,2,33,2,2.85765111806316,1.81266837502937
1978,3,33,2,1.64099046235856,1.64608542590516
1978,4,33,2,1.47565210916596,1.70642408058808
1979,1,33,2,1.28415382564975,1.46228458943422
1979,2,33,2,1.66462521167344,1.49182469764127
1979,3,33,2,1.15315308095737,1.24371143254397
1979,4,33,2,1.60576455272808,1.32312981233744
1980,1,33,2,1.37423883047309,1.21397487939822
1980,2,33,2,2.56100561572243,1.30147729494164
1980,3,33,2,1.16113735127099,1.10423192192518
1980,4,33,2,1.77926436359228,1.17644831844869
1981,1,33,2,1.08012848321494,1.06302646971008
1981,2,33,2,1.41977725978057,1.11415915573143
1981,3,33,2,0.996504124850172,0.945331140160869
1981,4,33,2,0.997834348414573,1.04415714482897
1982,1,33,2,0.826545757729056,1.00276982890744
1982,2,33,2,0.995865570384714,1.11773017561431
1982,3,33,2,0.702085561433133,0.981454130930055
1982,4,33,2,1.11493934017314,1.08677000628796
1983,1,33,2,0.844593358499058,1.03520554375463
1983,2,33,2,1.18080923995666,1.13917008309202
1983,3,33,2,0.834685726856745,0.999065936509142
1983,4,33,2,1.46579828719961,1.12086420570059
1984,1,33,2,1.09981281814298,1.09321183387558
1984,2,33,2,1.34648837535278,1.21300408786309
1984,3,33,2,1.12490658876485,1.05527352634293
1984,4,33,2,1.13473597190501,1.14053790772237
1985,1,33,2,0.878710312905793,1.0444286609822
1985,2,33,2,2.47242635888402,1.07742076033586
1985,3,33,2,0.932981413084906,0.919146276579842
1985,4,33,2,1.24358706761906,1.10214689456426
1986,1,33,2,0.967548235023005,1.21798761387055
1986,2,33,2,1.55721660489495,1.47314563168987
1986,3,33,2,1.29343309849023,1.33509172852851
1986,4,33,2,1.67163134013323,1.44137857589849
1987,1,33,2,1.5107406088151,1.32830009410166
1987,2,33,2,1.42575286425691,1.38043684027313
1987,3,33,2,1.71343478143441,1.15580838547322
1987,4,33,2,1.32418873970178,1.2570905957472
1988,1,33,2,0.913565685901867,1.20912867874353
1988,2,33,2,1.25282374547752,1.28736822654082
1988,3,33,2,0.708645413185044,1.08400227313146
1988,4,33,2,1.58645187894658,1.18021898291324
1989,1,33,2,0.767436146288569,1.14099421414066
1989,2,33,2,1.02183496872525,1.21215528211825
1989,3,33,2,0.906585440551896,1.00679498184038
1989,4,33,2,0.834852680696944,1.06652958626231
1990,1,33,2,1.47299832449219,0.985102088532922
1990,2,33,2,1.58264895976553,1.00019121827989
1990,3,33,2,1.37245348072225,0.810584245970187
1990,4,33,2,0.661529963603646,0.884086827512403
1991,1,33,2,0.585669290144794,0.876078132212251
1991,2,33,2,0.747067303137196,0.937592368116504
1991,3,33,2,0.951571928740598,0.766056003726194
1991,4,33,2,0.696491283887964,0.796283500610968
1992,1,33,2,0.401479020404664,0.70985113496059
1992,2,33,2,0.976881425715757,0.6890785559682
1992,3,33,2,0.57183773952728,0.538159658411006
1992,4,33,2,0.505958818181427,0.574359369098028
1993,1,33,2,0.372060054838781,0.555659267958387
1993,2,33,2,0.723105606795407,0.59084592367912
1993,3,33,2,1.29602255327885,0.494306257219801
1993,4,33,2,0.907419882941847,0.539722586570878
1994,1,33,2,0.715838998311739,0.535047366762788
1994,2,33,2,0.428484806064017,0.573842678211615
1994,3,33,2,0.943197104153112,0.475637152548168
1994,4,33,2,0.495642687483269,0.530253545018027
1995,1,33,2,0.470104626254323,0.55973042224834
1995,2,33,2,0.73926413477961,0.622320528401942
1995,3,33,2,0.49248070342526,0.510992687018108
1995,4,33,2,0.303309967902223,0.566091246995234
1996,1,33,2,0.227410164476343,0.605076731541014
1996,2,33,2,1.89004379356214,0.684545612666278
1996,3,33,2,0.806622098354186,0.560234406387207
1996,4,33,2,0.21246032795994,0.604955728295434
1997,1,33,2,0.329229566838682,0.617670583528798
1997,2,33,2,1.00426506963022,0.672535756098404
1997,3,33,2,0.778956558805073,0.535904127775643
1997,4,33,2,0.631346777028,0.571094833459465
1998,1,33,2,0.34714941532451,0.574072261196436
1998,2,33,2,0.7082203534678,0.618041297081859
1998,3,33,2,2.06555715760699,0.490956377171067
1998,4,33,2,0.324977282206064,0.528506592376685
1999,1,33,2,0.355226380924952,0.546019821927327
1999,2,33,2,0.500924443824447,0.594104529210169
1999,3,33,2,0.688802979664747,0.469024628087929
1999,4,33,2,1.70574164745157,0.509971722948463
2000,1,33,2,1.02409572121749,0.543459550116057
2000,2,33,2,0.542644971877295,0.60683400087146
2000,3,33,2,0.517161538344244,0.486022674898624
2000,4,33,2,0.316953564519603,0.54547407502433
2001,1,33,2,1.00077860295404,0.609327127692562
2001,2,33,2,0.946267481402068,0.694057825430811
2001,3,33,2,0.397206095800152,0.54744132061185
2001,4,33,2,0.676515445599002,0.577180636466779
2002,1,33,2,0.438805068424241,0.58978335761285
2002,2,33,2,0.697327575103003,0.638904684031916
2002,3,33,2,0.387709085586604,0.504897419521902
2002,4,33,2,0.642171421019147,0.56225488492946
2003,1,33,2,1.03463633725171,0.60786649604518
2003,2,33,2,1.40550968201061,0.671527708688822
2003,3,33,2,0.446060805969737,0.527186976103385
2003,4,33,2,0.390549717603485,0.572982559444646
2004,1,33,2,0.55167288941299,0.58913495260761
2004,2,33,2,1.1029517555358,0.622880868992946
2004,3,33,2,0.413623143961396,0.48728797803465
2004,4,33,2,0.534031741915078,0.561917633184144
2005,1,33,2,0.676650762219333,0.621636352186606
2005,2,33,2,0.837863566690485,0.684408717233745
2005,3,33,2,0.5654688889832,0.533871556421529
2005,4,33,2,0.556382094742344,0.563549559469784
2006,1,33,2,1.06483515165264,0.548427602376243
2006,2,33,2,0.72216618026612,0.561692911078288
2006,3,33,2,0.805090971398535,0.446462441403945
2006,4,33,2,0.540911283348348,0.528242405132812
2007,1,33,2,0.519390120977913,0.578220497206322
2007,2,33,2,0.909973318709986,0.627256331327612
2007,3,33,2,0.423162082317749,0.502077896006773
2007,4,33,2,1.54249309455546,0.577989255258912
2008,1,33,2,0.718492508572262,0.608961641072897
2008,2,33,2,0.852740498442439,0.643521397982983
2008,3,33,2,0.485828304705295,0.508139125400639
2008,4,33,2,0.560963184718789,0.57568191599286
2009,1,33,2,0.539075307911862,0.593451373529522
2009,2,33,2,0.557551724823049,0.622818584020348
2009,3,33,2,0.481186668481709,0.49090728398805
2009,4,33,2,0.182318522128221,0.539614652847296
2010,1,33,2,0.595829932971111,0.530837144838602
2010,2,33,2,0.934970781419923,0.54936072222743
2010,3,33,2,0.363854942640754,0.440563803823758
2010,4,33,2,0.577122921288939,0.490269519155825
2011,1,33,2,0.636099678958743,0.478021293696822
2011,2,33,2,0.607076783025002,0.489779494689737
2011,3,33,2,0.199887614075144,0.394711563424256
2011,4,33,2,0.3024014015295,0.453935573318913
2012,1,33,2,0.30059242547541,0.460289334125135
2012,2,33,2,0.262895148815812,0.484373003833962
2012,3,33,2,0.391331598659121,0.398001302933817
2012,4,33,2,0.309746827703221,0.472224864029562
2013,1,33,2,0.323679969432537,0.500874353884604
2013,2,33,2,0.789780673932803,0.541290053800884
2013,3,33,2,0.495593125692651,0.446105414280712
2013,4,33,2,0.240508463208342,0.521419697551558
2014,1,33,2,0.603143580691065,0.543133572189144
2014,2,33,2,0.481908990090202,0.583272961884988
2014,3,33,2,0.630589615283473,0.478595263562301
2014,4,33,2,0.350287861887479,0.554050190371503
2015,1,33,2,0.505655333944894,0.580131776723821
2015,2,33,2,0.465194351732954,0.634067413345257
2015,3,33,2,0.413375044512297,0.527397893074409
2015,4,33,2,0.654031345352456,0.592798935925109
2016,1,33,2,0.757751335947939,0.592621122917616
2016,2,33,2,1.01517397322684,0.617917701182445
2016,3,33,2,0.613668744801521,0.493812198033346
2016,4,33,2,0.589252791381616,0.551286853518727
2017,1,33,2,0.642364101346057,0.557105861812174
2017,2,33,2,0.423500747431586,0.585845017289591
2017,3,33,2,0.424560823843557,0.464822345074072
2017,4,33,2,0.553994788122625,0.511452787450562
2018,1,33,2,0.483743728046862,0.502731021711308
2018,2,33,2,0.745425561648101,0.512374231518845
2018,3,33,2,0.744308261490241,0.402967244296546
2018,4,33,2,1.10893489433078,0.462457785865356
2019,1,33,2,0.745052942029944,0.489681548585736
2019,2,33,2,0.757069666542831,0.53243204743083
2019,3,33,2,0.492874845623859,0.435004022852253
2019,4,33,2,0.85478953349723,0.502278767336763
2020,1,33,2,0.363491269564957,0.527239697437018
2020,2,33,2,0.359514776408329,0.565299273760061
2020,3,33,2,0.279990389392548,0.4474457400069
2020,4,33,2,0.436005683573077,0.471658534058668
2021,1,33,2,0.768588164305511,0.421852311056926
2021,2,33,2,0.55973042224834,0.393489852208412
2021,3,33,2,0.253852979604387,0.302703954182143
2021,4,33,2,0.35416229870357,0.366777456651197
2022,1,33,2,0.568587536291118,0.402644999416248
2022,2,33,2,0.462827900120011,0.440695992792259
2022,3,33,2,0.495494016978715,0.360234525470291
2022,4,33,2,0.548208275203652,0.39871835042824
2023,1,33,2,0.43841032152541,0.37336454655956
2023,2,33,2,0.366044634804015,0.366410862522159
2023,3,33,2,0.203721788051306,0.290834762367852
2023,4,33,2,0.25846370527942,0.332206006829244
2024,1,33,2,0.384658250476025,0.330218738554893
2024,2,33,2,0.365313277135861,0.347844408917087
2024,3,33,2,0.212672894553483,0.28621843526799
2024,4,33,2,0.38515863137876,0.360594940173078
1952,1,34,3,2.05916384517266,3.71359347692608
1952,2,34,3,2.55639995195505,4.11237203706461
1952,3,34,3,3.8305178387768,3.84971838934598
1952,4,34,3,3.49383504617265,3.53955141432887
1953,1,34,3,5.16032726019108,3.1550362953503
1953,2,34,3,3.52894867215121,3.66562920498856
1953,3,34,3,3.06792059043433,3.41781001679809
1953,4,34,3,2.60335240234217,3.66929666761924
1954,1,34,3,2.74560101501692,3.32343870027124
1954,2,34,3,2.04868884352104,3.64005939928356
1954,3,34,3,2.34550328654886,3.21234114509169
1954,4,34,3,3.10806392443059,3.50082970859587
1955,1,34,3,1.77659746771884,3.01319205429427
1955,2,34,3,2.83771740961221,3.064854203293
1955,3,34,3,1.98674972615007,2.56485000671843
1955,4,34,3,3.05873062051039,3.02526896022077
1956,1,34,3,2.22065012031141,2.63346376344388
1956,2,34,3,2.76212414091537,3.14244135683917
1956,3,34,3,3.18355978517939,3.19631952679034
1956,4,34,3,3.72475098525122,3.76971725509938
1957,1,34,3,2.93292435891914,3.38042012801557
1957,2,34,3,2.55537759645899,3.46599587097949
1957,3,34,3,2.67834750035774,2.90374127394678
1957,4,34,3,5.61813635791902,2.79826616893057
1958,1,34,3,2.78988395003878,2.35702445646732
1958,2,34,3,3.14558536994056,2.52641171110573
1958,3,34,3,2.56074952796545,2.39719666884866
1958,4,34,3,1.88099332186202,2.30896644961398
1959,1,34,3,1.88551312743166,2.09698374428722
1959,2,34,3,1.40959157597396,2.59763132255228
1959,3,34,3,1.98655106111087,2.62557521089877
1959,4,34,3,2.50227420408857,2.64613477560927
1960,1,34,3,2.49752439684658,2.40656399026084
1960,2,34,3,3.01620675344692,2.69500483925156
1960,3,34,3,2.52413896345559,2.25533833636645
1960,4,34,3,2.14105778721009,2.06721026448766
1961,1,34,3,1.57145194857765,1.78353972644816
1961,2,34,3,2.29194316173485,1.98020425801621
1961,3,34,3,2.07757219905917,1.66629066947523
1961,4,34,3,1.64296083289927,1.54465409723675
1962,1,34,3,1.9744699843835,1.38016078051197
1962,2,34,3,2.20626270428712,1.71103765112315
1962,3,34,3,1.9155408290139,1.63052165930274
1962,4,34,3,1.87798613893491,1.66512467415257
1963,1,34,3,1.98575659958933,1.53587461417965
1963,2,34,3,1.70796055356974,1.87911326872339
1963,3,34,3,1.59983420179774,1.76297019952993
1963,4,34,3,1.79822487904497,1.81049447757867
1964,1,34,3,1.75979970746966,1.64213955781871
1964,2,34,3,1.81176226738764,1.93285850914141
1964,3,34,3,1.45542797752375,1.75575681924618
1964,4,34,3,1.35825393017066,1.79535001973924
1965,1,34,3,2.09929169554641,1.66929269369153
1965,2,34,3,1.96481874630382,2.01395409281032
1965,3,34,3,1.63133712398157,1.83748906303988
1965,4,34,3,2.81792274988211,1.88042910850169
1966,1,34,3,2.61928138600353,1.73880831125347
1966,2,34,3,2.02222825503268,1.90598702927192
1966,3,34,3,1.89894790766904,1.39096812846378
1966,4,34,3,1.42361583813081,1.19590114807337
1967,1,34,3,1.09292763574614,1.07316261082551
1967,2,34,3,1.80434924916311,1.27532366334636
1967,3,34,3,1.20840341913593,1.07734534352225
1967,4,34,3,1.18435698663574,1.05448236791967
1968,1,34,3,0.941425559371178,1.08386136199538
1968,2,34,3,1.05086118058721,1.3228652128358
1968,3,34,3,1.34097907479758,1.05691046861129
1968,4,34,3,1.60255623301178,1.0026134090152
1969,1,34,3,0.77833364275767,1.05250180338199
1969,2,34,3,1.87892536679178,1.40452616950274
1969,3,34,3,1.44932799894014,1.27711036687568
1969,4,34,3,1.9612852536579,1.30082671895172
1970,1,34,3,1.01581373433356,1.37547620215425
1970,2,34,3,3.22521624270048,1.74159263141362
1970,3,34,3,1.37176742550999,1.41708224406266
1970,4,34,3,1.24520478209355,1.32326213193454
1971,1,34,3,1.07366711580198,1.30369168804388
1971,2,34,3,1.45484592275145,1.66829141848792
1971,3,34,3,1.00128782853991,1.43246967485931
1971,4,34,3,1.58011874614058,1.35648934728882
1972,1,34,3,0.68591607389602,1.2708678327768
1972,2,34,3,1.43189680157166,1.48705848861043
1972,3,34,3,1.15708047421778,1.13190267507197
1972,4,34,3,1.32220394555998,0.980845817965384
1973,1,34,3,1.2104594520813,0.913876351045155
1973,2,34,3,1.20767859455356,1.16474246209461
1973,3,34,3,1.40298204014314,1.06964840391194
1973,4,34,3,0.741856092531448,1.07470907817436
1974,1,34,3,1.43648621047464,1.06614570471408
1974,2,34,3,1.3665646009205,1.38347714443005
1974,3,34,3,1.16660754169977,1.24669992473823
1974,4,34,3,0.89646143872182,1.21616200200095
1975,1,34,3,1.04881399793685,1.13962584227102
1975,2,34,3,0.774684057879448,1.33709586885077
1975,3,34,3,1.24259259580673,1.08044176589886
1975,4,34,3,1.03880394660975,0.969039407212821
1976,1,34,3,1.01952822929331,0.895475873299586
1976,2,34,3,0.842231804813302,1.11996787291695
1976,3,34,3,1.41086077944823,1.06365384038335
1976,4,34,3,1.45455498266188,1.0862702070477
1977,1,34,3,1.24184726387119,1.07458012082257
1977,2,34,3,1.2373846512436,1.38085103345108
1977,3,34,3,1.54449963955004,1.33642748802547
1977,4,34,3,2.36812854558136,1.38610824976301
1978,1,34,3,2.44611242743357,1.33749705778675
1978,2,34,3,4.02691268805881,1.67984243445194
1978,3,34,3,2.26166213289187,1.53802634449928
1978,4,34,3,1.57145194857765,1.56502218560959
1979,1,34,3,0.900324522586266,1.43849869958297
1979,2,34,3,1.35757497295902,1.62060575144751
1979,3,34,3,0.942527671885739,1.32511599632152
1979,4,34,3,1.3330905921632,1.24832168855847
1980,1,34,3,1.30434369687653,1.09813139115087
1980,2,34,3,1.36328877843766,1.27532366334636
1980,3,34,3,1.35513353596018,1.14510919583444
1980,4,34,3,1.08076594705338,1.17128331718317
1981,1,34,3,1.19458638006547,1.07398926425657
1981,2,34,3,0.910255454167523,1.25232271619186
1981,3,34,3,1.09723129250101,1.12310817733563
1981,4,34,3,0.870402091469664,1.14786075845884
1982,1,34,3,0.751112378447947,1.06168789983436
1982,2,34,3,0.809369281052726,1.29693008666577
1982,3,34,3,0.975817205067347,1.21531098648973
1982,4,34,3,1.14625487777577,1.26630093392898
1983,1,34,3,1.0669882925992,1.17574266117597
1983,2,34,3,1.12569429904342,1.40987352248287
1983,3,34,3,1.56220767949091,1.25457892706162
1983,4,34,3,1.15673340213893,1.26149812150304
1984,1,34,3,1.21082264439305,1.14476571460045
1984,2,34,3,0.810908544523962,1.37245348072225
1984,3,34,3,0.876165744406009,1.18435698663574
1984,4,34,3,0.784585285127153,1.16637424352202
1985,1,34,3,0.623254709655326,1.05363911936973
1985,2,34,3,1.2302285928964,1.2359006802228
1985,3,34,3,0.959349335341472,1.05574850629226
1985,4,34,3,1.02731643565754,1.04763998382979
1986,1,34,3,0.79755857399864,0.999143067376653
1986,2,34,3,0.988279229710138,1.36424341466627
1986,3,34,3,0.945898509038608,1.34232072458546
1986,4,34,3,1.08322207240078,1.41977725978057
1987,1,34,3,1.10826973296254,1.30121702551047
1987,2,34,3,1.10915670348982,1.50681778511285
1987,3,34,3,1.29239876579968,1.27749355746146
1987,4,34,3,1.42946464492788,1.22323623706281
1988,1,34,3,0.78505617755183,1.07775481254698
1988,2,34,3,0.932309908238238,1.25107101942836
1988,3,34,3,1.10716201717978,1.15858565699109
1988,4,34,3,1.24445788331633,1.18033701071282
1989,1,34,3,1.3354923161322,1.03906368006173
1989,2,34,3,0.76299789999622,1.16964466786128
1989,3,34,3,0.948067098711791,1.02414692728369
1989,4,34,3,0.784428383760787,1.08287549679266
1990,1,34,3,0.603626288613042,0.948161910162156
1990,2,34,3,1.2173787722867,1.01796954380096
1990,3,34,3,0.775691802046476,0.904204253476784
1990,4,34,3,0.793739466035243,0.983930514272508
1991,1,34,3,0.689009651557881,0.835520830065614
1991,2,34,3,0.915248194196866,0.886654400493571
1991,3,34,3,1.11705973866014,0.79692078229014
1991,4,34,3,0.715409623738005,0.962125865073585
1992,1,34,3,0.386973137695883,0.827289983762492
1992,2,34,3,0.847300386180549,0.82225887534284
1992,3,34,3,1.07524656707447,0.715982180429135
1992,4,34,3,0.75608611542307,0.806702764597267
1993,1,34,3,0.380640469111489,0.714194460559004
1993,2,34,3,0.49574182593428,0.735282867547801
1993,3,34,3,0.665511074775457,0.712767499075024
1993,4,34,3,0.467012152111389,0.832268644711942
1994,1,34,3,0.687908117577566,0.762463988357097
1994,2,34,3,0.386779699490616,0.781922224925477
1994,3,34,3,0.820451894225131,0.747964322004638
1994,4,34,3,0.99986890859323,0.854618592685181
1995,1,34,3,0.979600934444926,0.811476379224087
1995,2,34,3,1.87030215868876,0.854105975330155
1995,3,34,3,0.599595510663922,0.781140693531376
1995,4,34,3,0.319180022984503,0.880381449577418
1996,1,34,3,0.585435069276033,0.809126506686386
1996,2,34,3,0.696909304051805,0.871883033469202
1996,3,34,3,0.742746854192591,0.772131814006996
1996,4,34,3,0.470433814695214,0.868576164971429
1997,1,34,3,0.881967563260722,0.780203886895537
1997,2,34,3,1.12153692601992,0.835520830065614
1997,3,34,3,0.931992976750843,0.710206149274252
1997,4,34,3,0.445614968119845,0.759420223990753
1998,1,34,3,0.632863829027081,0.672670276701235
1998,2,34,3,0.895475873299586,0.688114520971801
1998,3,34,3,0.616128335683037,0.560010357437429
1998,4,34,3,0.443658569493418,0.608413822151424
1999,1,34,3,0.181409204705547,0.555325972396279
1999,2,34,3,0.410040230880032,0.606712646207156
1999,3,34,3,0.572180945122379,0.52215019635798
1999,4,34,3,0.601096374738975,0.570752279335903
2000,1,34,3,0.553385728899676,0.541885800460656
2000,2,34,3,0.588369574772604,0.5994756035529
2000,3,34,3,0.54389449170959,0.511043788841858
2000,4,34,3,0.467526148124691,0.584090115905973
2001,1,34,3,0.312859835075429,0.560010357437429
2001,2,34,3,0.680995214515832,0.669984969788664
2001,3,34,3,0.789780673932803,0.598577064220546
2001,4,34,3,0.683314538862292,0.611952875653918
2002,1,34,3,0.68427184917756,0.540911283348348
2002,2,34,3,0.942376879521949,0.618907160860995
2002,3,34,3,0.535689808991147,0.521419697551558
2002,4,34,3,0.719355217104142,0.578451831669012
2003,1,34,3,0.491152799003683,0.49267773511034
2003,2,34,3,0.885148368502627,0.544166506953589
2003,3,34,3,0.634511415917369,0.436965951984883
2003,4,34,3,0.440387613542634,0.509920728325942
2004,1,34,3,0.424348596492895,0.469353060265441
2004,2,34,3,0.765213805416088,0.581991171854863
2004,3,34,3,0.673882173579276,0.483163583729414
2004,4,34,3,1.18187244664386,0.537353024050404
2005,1,34,3,0.295821218112033,0.496634964804798
2005,2,34,3,0.413995572358601,0.61637483631415
2005,3,34,3,0.417320820194176,0.515921838886623
2005,4,34,3,0.553994788122625,0.570352892542054
2006,1,34,3,0.523718998974377,0.491742536133997
2006,2,34,3,0.514222102925143,0.548263098772305
2006,3,34,3,0.470339737340324,0.431365293120872
2006,4,34,3,0.740299829385362,0.488654296326094
2007,1,34,3,0.410532574504181,0.436005683573077
2007,2,34,3,0.642428340968119,0.551838416107577
2007,3,34,3,0.289963565529403,0.467759969649263
2007,4,34,3,0.610241804219995,0.54892140939821
2008,1,34,3,0.579551934916321,0.502580225025428
2008,2,34,3,0.43902452581823,0.633433662859967
2008,3,34,3,0.741930281850105,0.514788058456836
2008,4,34,3,0.604048974938025,0.581700249005709
2009,1,34,3,0.631409914862542,0.509360123913737
2009,2,34,3,0.763532185504328,0.619650295245483
2009,3,34,3,0.898975048161231,0.50626248456314
2009,4,34,3,0.826380465107324,0.576142645793002
2010,1,34,3,0.70278799815439,0.471564211784399
2010,2,34,3,0.647070516801909,0.546894152920681
2010,3,34,3,0.688389821836692,0.435526341007891
2010,4,34,3,0.401358594763292,0.458681137441594
2011,1,34,3,0.490563769133484,0.382280747199162
2011,2,34,3,0.502328997724975,0.463151993069393
2011,3,34,3,0.464450635901506,0.357721688980454
2011,4,34,3,0.360234525470291,0.404541885103019
2012,1,34,3,0.345418000392331,0.355581784978286
2012,2,34,3,0.586196629773161,0.4474457400069
2012,3,34,3,0.532911451973202,0.343351697497566
2012,4,34,3,0.498874858126575,0.399077358473013
2013,1,34,3,0.350287861887479,0.366410862522159
2013,2,34,3,0.499823621396702,0.492924135572877
2013,3,34,3,0.414036973985884,0.39376539153247
2013,4,34,3,0.33993529102496,0.466545373387538
2014,1,34,3,0.436572859546227,0.435569895819696
2014,2,34,3,0.3024014015295,0.58596219801073
2014,3,34,3,0.647135227089049,0.482970356943855
2014,4,34,3,0.73374039369036,0.54389449170959
2015,1,34,3,0.413127093878218,0.513297335680086
2015,2,34,3,0.866667397822225,0.683793026490628
2015,3,34,3,1.23577709633407,0.583506317737801
2015,4,34,3,0.7795799733847,0.640567997581013
2016,1,34,3,1.21810941872208,0.59084592367912
2016,2,34,3,0.752691371805433,0.722888707649867
2016,3,34,3,0.519909770880538,0.57126618761134
2016,4,34,3,0.305135298224615,0.577642565723018
2017,1,34,3,0.317270676613744,0.479265766173601
2017,2,34,3,0.634321091042752,0.563775024383548
2017,3,34,3,0.66272178985997,0.427928137728949
2017,4,34,3,0.62543992303179,0.492382217133532
2018,1,34,3,0.551397121915903,0.433267482157621
2018,2,34,3,0.823328506990717,0.560234406387207
2018,3,34,3,0.684819485682296,0.453844795282356
2018,4,34,3,0.494504019272463,0.536333022612924
2019,1,34,3,0.671393416576744,0.486168503574301
2019,2,34,3,0.970067133583214,0.671863556498122
2019,3,34,3,0.668111635764801,0.608231325380663
2019,4,34,3,0.910874638375128,0.727166357683859
2020,1,34,3,0.35416229870357,0.62169851893011
2020,2,34,3,0.580305842365379,0.744978440460882
2020,3,34,3,1.42760754826384,0.611952875653918
2020,4,34,3,0.739929771992727,0.731396177177369
2021,1,34,3,0.415239423920131,0.631283645506926
2021,2,34,3,1.1304321576378,0.786313272843966
2021,3,34,3,0.53089023120736,0.651941790118789
2021,4,34,3,0.43050342469035,0.730665146576411
2022,1,34,3,1.47875423468697,0.669650061037935
2022,2,34,3,1.15569281041352,0.867708022949814
2022,3,34,3,2.98321029240836,0.769126364368571
2022,4,34,3,1.62190275478083,0.9686034375801
2023,1,34,3,0.641786233734277,0.827372716897456
2023,2,34,3,0.677666499975528,0.92709429313225
2023,3,34,3,0.580073766446711,0.704054155751043
2023,4,34,3,0.783879476032273,0.787414882372688
2024,1,34,3,0.773522902876598,0.625815299587314
2024,2,34,3,1.05167065530404,0.708716281269708
2024,3,34,3,1.01941608735601,0.558332843893568
2024,4,34,3,0.605985027690132,0.631536209474555
1952,1,35,4,1.59568003562927,2.93292435891914
1952,2,35,4,6.37255188977008,2.75109771191161
1952,3,35,4,5.89438380434013,3.38718773362133
1952,4,35,4,4.57679970721213,3.06179088100613
1953,1,35,4,3.19631952679034,2.85765111806316
1953,2,35,4,4.86954254783599,2.65993051427659
1953,3,35,4,4.32754324030077,3.30686298060179
1953,4,35,4,3.42807884238525,2.99516703111309
1954,1,35,4,2.98022857322402,2.80667357223677
1954,2,35,4,3.93928801449735,2.62216418077457
1954,3,35,4,3.69137862725804,3.25763020482219
1954,4,35,4,2.49952321578503,2.91829633765274
1955,1,35,4,3.35013284408003,2.62636300162474
1955,2,35,4,3.57870141010158,2.30873556451346
1955,3,35,4,2.77042295533563,2.6939270528875
1955,4,35,4,2.37310684090765,2.3981557393175
1956,1,35,4,3.28708120738312,2.33333832576853
1956,2,35,4,3.43837852070512,2.3998350360203
1956,3,35,4,3.61105509599192,3.32011692273655
1956,4,35,4,3.6840032478414,3.12989669745678
1957,1,35,4,3.36019833329698,2.88637098926796
1957,2,35,4,3.33675907806742,2.65037198010991
1957,3,35,4,3.42122953628967,3.27395914417608
1957,4,35,4,2.86910461425648,2.86623694371646
1958,1,35,4,2.32309419075937,2.54925204383091
1958,2,35,4,3.59663972556928,2.33450528664732
1958,3,35,4,3.4418186189883,2.99217336116642
1958,4,35,4,2.53805997544504,2.67888322342834
1959,1,35,4,2.23468437756143,2.51205212804271
1959,2,35,4,2.63636216741359,2.51129862543534
1959,3,35,4,3.42465247701108,3.57512449744588
1959,4,35,4,3.55018601249316,3.30355777050167
1960,1,35,4,3.49383504617265,2.9772498342685
1960,2,35,4,4.51317095186486,2.65488144443474
1960,3,35,4,3.86901518307539,3.32011692273655
1960,4,35,4,2.46378799258727,2.84909101128921
1961,1,35,4,2.6679222874854,2.43829737841306
1961,2,35,4,2.78152684012137,2.08298091506062
1961,3,35,4,3.04956817918268,2.47762390975599
1961,4,35,4,2.01194114535898,2.08923924060037
1962,1,35,4,1.77908644605195,1.82412423385713
1962,2,35,4,2.02162167754734,1.66379310711108
1962,3,35,4,2.77042295533563,2.13507121052449
1962,4,35,4,2.36505197867388,1.90522478691885
1963,1,35,4,1.77570939102266,1.72961700567891
1963,2,35,4,2.14749060497375,1.62255164565226
1963,3,35,4,1.84319411740076,2.13613901305814
1963,4,35,4,1.99291820650576,1.93653443132902
1964,1,35,4,1.83106909282084,1.75154805541679
1964,2,35,4,2.1643065285378,1.60159498767441
1964,3,35,4,2.33217194822433,2.07611840740627
1964,4,35,4,1.87892536679178,1.90008761829264
1965,1,35,4,1.85021157978107,1.77304782361073
1965,2,35,4,2.36812854558136,1.70898563739628
1965,3,35,4,2.01758247474146,2.40247630699263
1965,4,35,4,1.56314528535224,2.29423625125025
1966,1,35,4,2.27914415070807,2.09929169554641
1966,2,35,4,2.63320043023441,1.78140076241152
1966,3,35,4,2.0902841214191,2.07279927396925
1966,4,35,4,1.53771876998885,1.73550771202429
1967,1,35,4,1.37836773722796,1.50832535655806
1967,2,35,4,1.71600686218486,1.3328240007048
1967,3,35,4,1.42746479464682,1.70881474737718
1967,4,35,4,1.67414066866933,1.57948682503477
1968,1,35,4,1.72564345789747,1.4515036222481
1968,2,35,4,2.21643489081892,1.2641500511097
1968,3,35,4,1.83271779680989,1.52959041966338
1968,4,35,4,1.8321680639349,1.37478863595905
1969,1,35,4,1.31416305115346,1.2891718042678
1969,2,35,4,2.13293720649382,1.22924480359027
1969,3,35,4,1.76208893476471,1.697234225493
1969,4,35,4,2.14277131876109,1.6768214377826
1970,1,35,4,1.92976840826671,1.61720605030506
1970,2,35,4,1.79822487904497,1.46199216176008
1970,3,35,4,1.42119774716566,1.82978779296314
1970,4,35,4,1.60223575381416,1.66912577276835
1971,1,35,4,1.79606830339429,1.56392705342065
1971,2,35,4,1.96639123021057,1.45907109947253
1971,3,35,4,2.0378595157187,1.90789396961245
1971,4,35,4,1.71223579678099,1.7723387463062
1972,1,35,4,2.05546068409617,1.61558965258831
1972,2,35,4,1.69130428914586,1.38791136225688
1972,3,35,4,1.49466185901658,1.60528289561444
1972,4,35,4,1.27736581449297,1.35499802938203
1973,1,35,4,1.04557816462037,1.19985414071253
1973,2,35,4,1.2134893865515,1.09480908886546
1973,3,35,4,1.38209435879367,1.41467525077174
1973,4,35,4,1.14339281964465,1.33575944130706
1974,1,35,4,0.968729364212039,1.28222903886226
1974,2,35,4,0.977154990812283,1.2361478850785
1974,3,35,4,0.998573019106847,1.6768214377826
1974,4,35,4,0.841221732811936,1.57192345488463
1975,1,35,4,0.796363132942579,1.44253214012338
1975,2,35,4,1.13882838332462,1.2679481956312
1975,3,35,4,0.92675133169557,1.52668695702898
1975,4,35,4,0.804768999408667,1.31534633029524
1976,1,35,4,1.03255880683136,1.17939311871139
1976,2,35,4,1.32193953121318,1.09466677293464
1976,3,35,4,1.14213577904212,1.44368662756888
1976,4,35,4,1.19065074238501,1.35296705594884
1977,1,35,4,1.11974390174023,1.28672470332176
1977,2,35,4,1.38666280396636,1.24694928965884
1977,3,35,4,1.80254580178792,1.69485976009092
1977,4,35,4,1.74822327365438,1.61220047420071
1978,1,35,4,1.40973254217975,1.54095137245043
1978,2,35,4,1.83198485628904,1.49540937680997
1978,3,35,4,1.82157224673754,1.993516171658
1978,4,35,4,1.6386946831317,1.8579988101527
1979,1,35,4,1.13860064042301,1.6768214377826
1979,2,35,4,1.45761275766549,1.482455745234
1979,3,35,4,1.57570060193979,1.72978997602785
1979,4,35,4,1.83345103056559,1.5030554455341
1980,1,35,4,1.55752807936233,1.32710516181716
1980,2,35,4,1.51983230026729,1.21750051625102
1980,3,35,4,1.7538265485885,1.47993771140229
1980,4,35,4,1.0571853010598,1.35012880633649
1981,1,35,4,0.846876841882357,1.22360326298506
1981,2,35,4,1.3454116154139,1.13314845306683
1981,3,35,4,1.0974507607056,1.36397059326638
1981,4,35,4,1.1689430915545,1.25395179439432
1982,1,35,4,1.11940802895314,1.16229906938451
1982,2,35,4,1.22777059452831,1.12265902390138
1982,3,35,4,1.31061959673146,1.4165155245165
1982,4,35,4,1.10749421561221,1.33709586885077
1983,1,35,4,1.01121239292809,1.24682460096441
1983,2,35,4,1.06608173789082,1.18293661064781
1983,3,35,4,1.82795891975918,1.46199216176008
1983,4,35,4,1.70284435005146,1.35229074151356
1984,1,35,4,1.46082303574343,1.25432803636611
1984,2,35,4,0.890653336152824,1.18637210587907
1984,3,35,4,1.31442591004871,1.46638472379399
1984,4,35,4,1.11538540511625,1.32630913755123
1985,1,35,4,0.800515006750229,1.18803419001472
1985,2,35,4,1.05931238051365,1.06265447554845
1985,3,35,4,1.42418539837052,1.2555829917756
1985,4,35,4,0.847130943048191,1.14407906118831
1986,1,35,4,0.919127893838139,1.12434427606036
1986,2,35,4,1.52836723666608,1.15315308095737
1986,3,35,4,1.43993791777171,1.57790812768997
1986,4,35,4,1.31284954496486,1.49107897173946
1987,1,35,4,0.9942913565838,1.37795428892714
1987,2,35,4,1.30395245245706,1.2371371990594
1987,3,35,4,1.23392482024394,1.4753570082552
1987,4,35,4,1.10727273891749,1.2712491503214
1988,1,35,4,1.05697388514189,1.13360180311202
1988,2,35,4,1.04482561929067,1.0288791439972
1988,3,35,4,1.05720644497726,1.25922946728567
1988,4,35,4,0.791203559358586,1.1175066519323
1989,1,35,4,0.82299924144542,1.0253356270319
1989,2,35,4,0.710064122247574,0.953267235148843
1989,3,35,4,0.721444375048613,1.1785678324122
1989,4,35,4,0.661265404533546,1.04217512976437
1990,1,35,4,0.641978798487666,0.930847330106563
1990,2,35,4,1.18352822684486,0.832268644711942
1990,3,35,4,0.98675845099655,0.977800125977405
1990,4,35,4,0.552832619771433,0.852229007605969
1991,1,35,4,0.628826433966468,0.779813882461323
1991,2,35,4,0.891277011749123,0.734694876481548
1991,3,35,4,1.02076260509752,0.907937259713496
1991,4,35,4,0.806218888115969,0.804688526532437
1992,1,35,4,0.643392706572956,0.710135132210237
1992,2,35,4,1.26427647243577,0.621139241975454
1992,3,35,4,1.2432140474546,0.690941582022699
1992,4,35,4,0.848742021880207,0.584031709814736
1993,1,35,4,0.531846694181966,0.51540617492269
1993,2,35,4,0.728330755125702,0.474070136942575
1993,3,35,4,0.892168734547961,0.563493207331491
1993,4,35,4,0.589606449143164,0.50626248456314
1994,1,35,4,0.634701797898013,0.472744597180821
1994,2,35,4,0.759116516646675,0.449104355791924
1994,3,35,4,0.758661183350336,0.55377323452105
1994,4,35,4,0.792629008284594,0.503636752463518
1995,1,35,4,0.888518331176831,0.481042334132399
1995,2,35,4,0.953095662488519,0.473075634248304
1995,3,35,4,0.542319482550731,0.620208231544878
1995,4,35,4,0.449688571112134,0.582049373882101
1996,1,35,4,0.56955495717758,0.566714289977745
1996,2,35,4,0.917126377475074,0.559226891491145
1996,3,35,4,1.49930250005677,0.722455104519224
1996,4,35,4,1.35567569779971,0.664314232322217
1997,1,35,4,1.47417719463697,0.6251897970911
1997,2,35,4,1.19351173598578,0.586196629773161
1997,3,35,4,0.871011586231972,0.706663981327262
1997,4,35,4,0.537353024050404,0.609509953253333
1998,1,35,4,0.579667856895116,0.537675532607726
1998,2,35,4,0.729569970443992,0.48123478955457
1998,3,35,4,0.792312020083147,0.573957458224877
1998,4,35,4,0.449643604503391,0.491349299420748
1999,1,35,4,0.298495625857669,0.446998517915207
1999,2,35,4,0.387476529908932,0.417237364375997
1999,3,35,4,0.474829256295219,0.523300191320595
1999,4,35,4,0.660868764294797,0.459461558545231
2000,1,35,4,0.762616496405065,0.424475920169439
2000,2,35,4,0.851377204570864,0.400516626090819
2000,3,35,4,0.88780780076195,0.521889186517699
2000,4,35,4,0.549525555167803,0.470433814695214
2001,1,35,4,0.523195541747637,0.45507183198374
2001,2,35,4,0.882055764427033,0.438892838214613
2001,3,35,4,0.623504061406213,0.58625525236722
2001,4,35,4,0.507580479674178,0.525555226995341
2002,1,35,4,0.462966769319385,0.491201916739429
2002,2,35,4,0.536118532304801,0.451671560201804
2002,3,35,4,0.44811741224515,0.570466974528381
2002,4,35,4,0.546839466239769,0.499523817174125
2003,1,35,4,0.546347532123711,0.467853530999016
2003,2,35,4,0.545255929026428,0.438498012358506
2003,3,35,4,0.390666900095261,0.578799006910171
2003,4,35,4,0.394238193626829,0.51540617492269
2004,1,35,4,0.372618563697964,0.480753795302225
2004,2,35,4,0.69274036754382,0.443614205854688
2004,3,35,4,0.777555698152044,0.563718649699891
2004,4,35,4,0.426475652684473,0.498226742177653
2005,1,35,4,0.333871196368094,0.47558959121102
2005,2,35,4,0.626880090412377,0.454480622971282
2005,3,35,4,0.561075388575745,0.588369574772604
2005,4,35,4,0.427457675579067,0.506009416593123
2006,1,35,4,0.725060630027441,0.457673148134016
2006,2,35,4,0.513708137847587,0.412590377597347
2006,3,35,4,0.422696859946413,0.516128248901428
2006,4,35,4,0.29999184140872,0.456256558223614
2007,1,35,4,0.30059242547541,0.436354627678968
2007,2,35,4,0.479985204266536,0.420168272135925
2007,3,35,4,0.53243204743083,0.564734257041745
2007,4,35,4,0.462041761097304,0.517627193242026
2008,1,35,4,0.306664795271906,0.500573919411628
2008,2,35,4,0.445927007798675,0.4852941873885
2008,3,35,4,0.366777456651197,0.631662529348016
2008,4,35,4,0.233867631741038,0.559282816976522
2009,1,35,4,0.261322500585549,0.528400901627637
2009,2,35,4,0.497828320173962,0.505857636536292
2009,3,35,4,0.53853650205178,0.649728951988906
2009,4,35,4,0.381669587062134,0.582340471337342
2010,1,35,4,0.29611718729007,0.535796957667456
2010,2,35,4,0.387554032964961,0.494602929967057
2010,3,35,4,0.550735842216777,0.606045629222927
2010,4,35,4,0.529088269492061,0.53355132956534
2011,1,35,4,0.515921838886623,0.482101792244099
2011,2,35,4,0.480513478488784,0.442816418508164
2011,3,35,4,0.355226380924952,0.545364991118079
2011,4,35,4,0.287078379845702,0.4852941873885
2012,1,35,4,0.195929574126909,0.440784140805325
2012,2,35,4,0.38712795791294,0.407017132431173
2012,3,35,4,0.378969330248999,0.518559761249275
2012,4,35,4,0.309746827703221,0.479074098203281
2013,1,35,4,0.269550371193372,0.465240873494177
2013,2,35,4,0.33154225878488,0.457673148134016
2013,3,35,4,0.324003811295914,0.612136489057248
2013,4,35,4,0.380754678382756,0.57430193603282
2014,1,35,4,0.342323185943788,0.549415661046548
2014,2,35,4,0.552280063475856,0.521106939569804
2014,3,35,4,0.423797301736686,0.669516144417835
2014,4,35,4,0.35416229870357,0.61853592794549
2015,1,35,4,0.411272198600276,0.591141420509011
2015,2,35,4,0.584265369227429,0.56433908138943
2015,3,35,4,0.499473867289944,0.722021761472427
2015,4,35,4,0.437140773327614,0.660538412507479
2016,1,35,4,0.39995629513748,0.61631320191229
2016,2,35,4,0.424009253371047,0.568019232953854
2016,3,35,4,0.575221554629164,0.692047973431032
2016,4,35,4,0.334539606948608,0.613668744801521
2017,1,35,4,0.337901785894713,0.567451497635871
2017,2,35,4,0.424094063702472,0.52382375324925
2017,3,35,4,0.451265238669738,0.634955729400087
2017,4,35,4,0.361678349294723,0.56012237070987
2018,1,35,4,0.372395059617674,0.513810889750005
2018,2,35,4,0.476732377024365,0.475256794989439
2018,3,35,4,0.367916230955018,0.584440675132768
2018,4,35,4,0.262632385070765,0.535047366762788
2019,1,35,4,0.634511415917369,0.503888633804838
2019,2,35,4,0.776700857132834,0.490563769133484
2019,3,35,4,0.672670276701235,0.639032477747668
2019,4,35,4,0.578683258683997,0.61170814345336
2020,1,35,4,0.483501916640728,0.595651210800886
2020,2,35,4,0.697397311347268,0.585435069276033
2020,3,35,4,0.606227470186475,0.739338064889532
2020,4,35,4,0.623940667043343,0.673275952463476
2021,1,35,4,0.648171472227437,0.594698930890686
2021,2,35,4,0.787414882372688,0.528295232014625
2021,3,35,4,0.548317927823589,0.589017137399002
2021,4,35,4,0.403531793530816,0.531315113322512
2022,1,35,4,0.643585753340495,0.51017575244082
2022,2,35,4,0.565129709413856,0.538751959741266
2022,3,35,4,0.670722358745004,0.708432851446943
2022,4,35,4,0.485148620968338,0.701033222542465
2023,1,35,4,0.413540427604515,0.659746241809949
2023,2,35,4,0.543187888262122,0.620952928151332
2023,3,35,4,0.485391255932509,0.693086824334572
2023,4,35,4,0.641208885969381,0.622133860245045
2024,1,35,4,0.900684724430866,0.563380519959137
2024,2,35,4,1.28775449494615,0.533818171935155
2024,3,35,4,1.08932691899846,0.631536209474555
2024,4,35,4,0.857357752500062,0.599116026074799
1952,1,36,5,NA,NA
1952,2,36,5,NA,NA
1952,3,36,5,NA,NA
1952,4,36,5,NA,NA
1953,1,36,5,NA,NA
1953,2,36,5,NA,NA
1953,3,36,5,NA,NA
1953,4,36,5,NA,NA
1954,1,36,5,6.56662498766763,3.5537379741905
1954,2,36,5,3.19951744500975,3.54663760098212
1954,3,36,5,4.27164927611518,3.21877225634943
1954,4,36,5,3.55729348962612,2.65222788998866
1955,1,36,5,5.22784945792389,3.38042012801557
1955,2,36,5,3.89229905594087,3.25437420288967
1955,3,36,5,2.21665654539054,2.85194152732098
1955,4,36,5,2.71176577446324,2.44953938314124
1956,1,36,5,3.33009222898265,3.08021684891803
1956,2,36,5,2.37714455362058,3.11428627255346
1956,3,36,5,3.45215957852885,2.97427407256307
1956,4,36,5,2.63820826699025,2.59373779644307
1957,1,36,5,3.12989669745678,3.45561346476268
1957,2,36,5,0.00706219054575369,3.3905766155135
1957,3,36,5,3.59663972556928,2.99516703111309
1957,4,36,5,2.68612598145495,2.33567283115245
1958,1,36,5,2.46034110278351,2.9772498342685
1958,2,36,5,2.78152684012137,2.83771740961221
1958,3,36,5,3.56798139393553,2.53729867165368
1958,4,36,5,3.06792059043433,1.9911253870097
1959,1,36,5,3.09875370496916,2.69716170575453
1959,2,36,5,3.00717169255421,2.66818909305421
1959,3,36,5,2.48208764895362,2.46378799258727
1959,4,36,5,1.22568515764121,2.01697729078117
1960,1,36,5,2.3993551170066,2.85765111806316
1960,2,36,5,2.39839556688261,2.76765391713015
1960,3,36,5,3.0282957423198,2.39456120228528
1960,4,36,5,1.70097225110959,1.85169234127051
1961,1,36,5,2.82356423498648,2.48283238695342
1961,2,36,5,2.93879607739822,2.37524359846114
1961,3,36,5,1.48215928373209,2.02830404893178
1961,4,36,5,0.98545678912707,1.54991485939516
1962,1,36,5,1.72219561996888,2.04745999890518
1962,2,36,5,2.90664646757544,2.05217457658866
1962,3,36,5,2.12378526727682,1.83271779680989
1962,4,36,5,1.27252103530823,1.45805010709193
1963,1,36,5,1.94643598442759,1.97190484110819
1963,2,36,5,2.49877347128759,2.01637228834883
1963,3,36,5,1.49182469764127,1.82759336453197
1963,4,36,5,1.25621094024552,1.46755830094129
1964,1,36,5,1.51907257406454,1.98535948798189
1964,2,36,5,2.24072617814124,2.01214234953356
1964,3,36,5,2.37738227996207,1.80868488804666
1964,4,36,5,1.19781612148049,1.45208433983278
1965,1,36,5,1.58534175122135,1.98734584048059
1965,2,36,5,3.08329860638887,1.98873746958229
1965,3,36,5,1.76755988605567,1.79678687442027
1965,4,36,5,1.03439839825817,1.45659278576694
1966,1,36,5,1.81103770740234,2.0346015475631
1966,2,36,5,2.49927327596065,1.94546300969933
1966,3,36,5,1.41142523664393,1.62433743446626
1966,4,36,5,0.935709700171722,1.22103639229035
1967,1,36,5,1.15731191345578,1.6176912849017
1967,2,36,5,1.23874652325225,1.5331125264988
1967,3,36,5,1.15835396302986,1.31521480223872
1967,4,36,5,0.683451215437267,1.02962020373037
1968,1,36,5,1.11616644823303,1.46316222345176
1968,2,36,5,1.31416305115346,1.42176633997551
1968,3,36,5,0.91509261522844,1.22568515764121
1968,4,36,5,0.803884240216086,0.963878528588023
1969,1,36,5,1.32418873970178,1.37947087261307
1969,2,36,5,1.03105237093918,1.38818897228941
1969,3,36,5,1.20743708298662,1.25822248655784
1969,4,36,5,1.00177357091975,1.03342652061786
1970,1,36,5,1.48795099142767,1.5502248733674
1970,2,36,5,1.68775627685545,1.56314528535224
1970,3,36,5,1.54558116778845,1.37905709342126
1970,4,36,5,1.0735919617343,1.0976483196223
1971,1,36,5,1.2602372539204,1.56611808465943
1971,2,36,5,1.69164258383203,1.56752822540378
1971,3,36,5,1.29576337468692,1.39403162695913
1971,4,36,5,1.15615518000544,1.10960045491558
1972,1,36,5,1.67548051707217,1.55488253098068
1972,2,36,5,1.66545773239211,1.50470971620625
1972,3,36,5,1.04106059875594,1.27583389485119
1972,4,36,5,0.760560209101825,0.968903751191954
1973,1,36,5,1.12232227670881,1.30930963222615
1973,2,36,5,0.926834743068878,1.28569573520123
1973,3,36,5,1.65864333475031,1.1467134714395
1973,4,36,5,0.982721023729124,0.919697929825214
1974,1,36,5,1.12614466683059,1.30760863559162
1974,2,36,5,2.01516282785026,1.31956218031469
1974,3,36,5,1.35229074151356,1.19422805790246
1974,4,36,5,0.817013222534781,0.966397537424191
1975,1,36,5,1.36410699714579,1.37067045041812
1975,2,36,5,1.34958886280986,1.3330905921632
1975,3,36,5,1.23899429733348,1.15315308095737
1975,4,36,5,0.865368371238997,0.892972047845815
1976,1,36,5,1.17104908394383,1.22691145584576
1976,2,36,5,0.990196371968124,1.19865488629896
1976,3,36,5,1.08217185642764,1.08594437486286
1976,4,36,5,0.795487615119426,0.886477087345378
1977,1,36,5,0.754349115673036,1.28685338222593
1977,2,36,5,1.1529224734027,1.29654106599579
1977,3,36,5,0.791440956034114,1.21082264439305
1977,4,36,5,0.908236928451824,1.01737929265493
1978,1,36,5,0.936205757756461,1.49242154688222
1978,2,36,5,0.914982810703015,1.50365678797278
1978,3,36,5,2.25060709540183,1.3800227713345
1978,4,36,5,1.062282611562,1.14270698972241
1979,1,36,5,1.38057489085957,1.62206495316609
1979,2,36,5,1.31692569331989,1.57145194857765
1979,3,36,5,1.31811145995882,1.36806864905633
1979,4,36,5,1.19901453670971,1.07272270434206
1980,1,36,5,2.48879834096326,1.43390286100781
1980,2,36,5,1.85150718129454,1.38181796756196
1980,3,36,5,2.01496132164295,1.2276478236075
1980,4,36,5,1.19053168326383,0.984599814558521
1981,1,36,5,1.55332842563188,1.33616022925464
1981,2,36,5,1.05116597452257,1.30760863559162
1981,3,36,5,1.03585792872689,1.17445005531224
1981,4,36,5,1.02407523950789,0.945860673854956
1982,1,36,5,1.17480244318437,1.29110701301792
1982,2,36,5,1.12772237350113,1.28852737948529
1982,3,36,5,0.696003910589797,1.18506781405462
1982,4,36,5,0.667777663446955,0.974130500722516
1983,1,36,5,0.763532185504328,1.34850962347291
1983,2,36,5,1.15546169496375,1.35310235941949
1983,3,36,5,1.41594903161283,1.23145943680868
1983,4,36,5,2.20670400095618,0.990351845002837
1984,1,36,5,1.27889957354174,1.34770076038202
1984,2,36,5,0.993291602439727,1.34285776027528
1984,3,36,5,0.836273137300148,1.20707490619095
1984,4,36,5,0.745723791514757,0.951429203655936
1985,1,36,5,1.3918029597652,1.28711077864116
1985,2,36,5,1.7726932495046,1.27698266222433
1985,3,36,5,1.74159263141362,1.15015877722852
1985,4,36,5,0.933616056200008,0.898795271129902
1986,1,36,5,1.89780888066671,1.23726091896519
1986,2,36,5,1.71360613348001,1.29136526024438
1986,3,36,5,1.39556590544725,1.23973791697547
1986,4,36,5,0.7598000290461,1.01943647588164
1987,1,36,5,1.93169914188089,1.4233311434336
1987,2,36,5,1.8862674835438,1.42546774219721
1987,3,36,5,1.65930692479337,1.29304512675935
1987,4,36,5,1.02501782224981,1.0022735806737
1988,1,36,5,1.80056409154641,1.31613577490312
1988,2,36,5,1.97585259723061,1.30356132539332
1988,3,36,5,1.55394988128498,1.21470348288504
1988,4,36,5,1.33189135037001,0.954020613809999
1989,1,36,5,0.972981704654643,1.24994556204267
1989,2,36,5,1.17034666524015,1.25169671134802
1989,3,36,5,1.31416305115346,1.18423855685866
1989,4,36,5,0.704054155751043,0.907102341555802
1990,1,36,5,1.15870152134991,1.16730771625615
1990,2,36,5,1.63068471962155,1.15177012719843
1990,3,36,5,1.20719561971715,1.10498305498839
1990,4,36,5,0.776545532494389,0.839457020769207
1991,1,36,5,1.49107897173946,1.06450510391567
1991,2,36,5,1.52913161136217,1.07143620914835
1991,3,36,5,1.24844652696915,1.0424565550401
1991,4,36,5,0.723973854367915,0.792787549939888
1992,1,36,5,1.63493001638684,0.9956007053716
1992,2,36,5,1.27979511664674,0.975144123435718
1992,3,36,5,1.50576338174751,0.929396340337877
1992,4,36,5,0.847639374128091,0.697188123533604
1993,1,36,5,1.18293661064781,0.85650082328358
1993,2,36,5,1.2428411391794,0.854875016724669
1993,3,36,5,1.09286206205522,0.839205221434765
1993,4,36,5,0.647523624732944,0.654489327569278
1994,1,36,5,1.22678877083453,0.821437027459926
1994,2,36,5,1.13917008309202,0.828863328936241
1994,3,36,5,0.826545757729056,0.81538082902735
1994,4,36,5,0.883733263498915,0.641786233734277
1995,1,36,5,1.19985414071253,0.828283327630126
1995,2,36,5,1.2785159612144,0.851377204570864
1995,3,36,5,0.792629008284594,0.840885311407578
1995,4,36,5,0.70992212362346,0.659020919944121
1996,1,36,5,1.17468496881387,0.856929180775671
1996,2,36,5,1.31179968532874,0.882055764427033
1996,3,36,5,1.50681778511285,0.841894979460939
1996,4,36,5,1.2274023185941,0.652137401996139
1997,1,36,5,2.00711827636789,0.850866531465373
1997,2,36,5,1.20369982377406,0.856929180775671
1997,3,36,5,0.523666629692987,0.787414882372688
1997,4,36,5,0.489436769011436,0.604895235747282
1998,1,36,5,0.558053747251596,0.771823023043703
1998,2,36,5,0.527081549251201,0.767666411670536
1998,3,36,5,0.770666156376051,0.692463326808643
1998,4,36,5,0.592621122917616,0.521889186517699
1999,1,36,5,0.763150514837194,0.659284581040802
1999,2,36,5,0.566091246995234,0.665244923579335
1999,3,36,5,0.374074613548051,0.606651977975998
1999,4,36,5,0.408035948251393,0.470339737340324
2000,1,36,5,0.695516878333561,0.614897310447248
2000,2,36,5,0.793739466035243,0.639032477747668
2000,3,36,5,0.785841626388346,0.59351072163423
2000,4,36,5,0.513810889750005,0.463476312963262
2001,1,36,5,0.606955379809123,0.612748931716598
2001,2,36,5,0.774529136560521,0.647523624732944
2001,3,36,5,0.758357779561799,0.604834749248083
2001,4,36,5,0.345763591159308,0.481427321974309
2002,1,36,5,0.589488539644678,0.627005478968897
2002,2,36,5,0.512476716613316,0.654031345352456
2002,3,36,5,0.595293927270183,0.59606831261705
2002,4,36,5,0.581700249005709,0.459645379930475
2003,1,36,5,0.836858733430992,0.600615689938741
2003,2,36,5,0.795805873812969,0.630211374997735
2003,3,36,5,0.587017879795722,0.575221554629164
2003,4,36,5,0.478069098216378,0.430847965227942
2004,1,36,5,0.544275351139035,0.570295860104469
2004,2,36,5,0.660208225854767,0.617053221677641
2004,3,36,5,1.05245970415184,0.561243736443235
2004,4,36,5,0.728112288670771,0.431149664385988
2005,1,36,5,0.496833658526815,0.574014856840582
2005,2,36,5,0.592028798006515,0.627507284047341
2005,3,36,5,0.476684706170245,0.582573454119327
2005,4,36,5,0.413209727560087,0.447177353087023
2006,1,36,5,0.544765419452722,0.577238357416424
2006,2,36,5,0.594698930890686,0.623130071177658
2006,3,36,5,0.510635117301197,0.560346464473919
2006,4,36,5,0.380374114018269,0.418993446497391
2007,1,36,5,0.472981028582336,0.545528625159293
2007,2,36,5,0.597739642662506,0.613852873042817
2007,3,36,5,0.704547166193592,0.570752279335903
2007,4,36,5,0.519234327311838,0.432834431237011
2008,1,36,5,0.627068182651926,0.58187478525954
2008,2,36,5,0.797000478353105,0.656324465680871
2008,3,36,5,0.563098900109987,0.61170814345336
2008,4,36,5,0.358437848278994,0.461903169358776
2009,1,36,5,0.496684630784536,0.61097453393496
2009,2,36,5,0.608048883350721,0.672266795591652
2009,3,36,5,0.432488302162112,0.623005457625193
2009,4,36,5,0.355581784978286,0.465194351732954
2010,1,36,5,0.361316851724339,0.60817050528918
2010,2,36,5,0.383736177604922,0.645132214159194
2010,3,36,5,0.459599417690633,0.584206945611736
2010,4,36,5,0.41469996339435,0.426475652684473
2011,1,36,5,0.633497009393527,0.540532777942352
2011,2,36,5,0.829277864225896,0.567962433870561
2011,3,36,5,0.487580438550852,0.513297335680086
2011,4,36,5,0.404622801571417,0.373215230606118
2012,1,36,5,0.422485564344743,0.492529953958088
2012,2,36,5,0.519909770880538,0.53510087417479
2012,3,36,5,0.479265766173601,0.494108574256142
2012,4,36,5,0.34714941532451,0.362040208543487
2013,1,36,5,0.43007313644564,0.494751333105405
2013,2,36,5,0.487873074596017,0.55156256586783
2013,3,36,5,0.458864646595954,0.519961764457262
2013,4,36,5,0.42998713041924,0.389535607252455
2014,1,36,5,0.706098876214384,0.551011278991341
2014,2,36,5,0.892882755105742,0.603686654260135
2014,3,36,5,0.862258645966529,0.558835569645726
2014,4,36,5,0.413871392314831,0.42861337078958
2015,1,36,5,0.557997944667046,0.605197758989664
2015,2,36,5,0.722455104519224,0.652072191516518
2015,3,36,5,0.786627861066553,0.600255428613983
2015,4,36,5,0.726149037073691,0.468790174392193
2016,1,36,5,0.861569114898958,0.6524635522279
2016,2,36,5,0.690665260657848,0.690941582022699
2016,3,36,5,0.587017879795722,0.624190293232069
2016,4,36,5,0.314113780634923,0.478451706517866
2017,1,36,5,0.501325343718083,0.629266766568675
2017,2,36,5,0.740003768669699,0.659482396085888
2017,3,36,5,0.706805328257749,0.591614522861127
2017,4,36,5,0.436005683573077,0.434656158798146
2018,1,36,5,0.538321130528136,0.569042588316692
2018,2,36,5,0.564000579501318,0.620394321926503
2018,3,36,5,0.512835575901043,0.564790733291214
2018,4,36,5,0.331210882241981,0.434786575207269
2019,1,36,5,0.631094288818197,0.585435069276033
2019,2,36,5,0.725205656655626,0.671527708688822
2019,3,36,5,0.651941790118789,0.632104847911996
2019,4,36,5,0.472036011856903,0.514170683285876
2020,1,36,5,0.657243963431065,0.696978998466873
2020,2,36,5,0.931322183322195,0.769049455577637
2020,3,36,5,0.709709178929674,0.716698520720015
2020,4,36,5,0.697327575103003,0.550240402939899
2021,1,36,5,0.989554932567899,0.712624959829609
2021,2,36,5,0.90384264410209,0.803803855811352
2021,3,36,5,0.545146888745014,0.720507106717463
2021,4,36,5,0.423035152733443,0.578509679744535
2022,1,36,5,0.550240402939899,0.748188744963
2022,2,36,5,0.847300386180549,0.873191839378437
2022,3,36,5,0.765596507986465,0.845692043855857
2022,4,36,5,0.565073199268469,0.678887398154202
2023,1,36,5,0.769895875424341,0.867274277383767
2023,2,36,5,0.712055087840934,0.946551404232783
2023,3,36,5,0.448027797724452,0.858816500263596
2023,4,36,5,0.540911283348348,0.64146542082732
2024,1,36,5,0.744382696038055,0.775536679198869
2024,2,36,5,0.852229007605969,0.830356626492937
2024,3,36,5,1.12153692601992,0.758130306350618
2024,4,36,5,1.27621670243791,0.559842379528144
