year,area,stage,f
1952,1,adult,0.00415122370011037
1953,1,adult,0.00411830146842034
1954,1,adult,0.0061105169959656
1955,1,adult,0.00552498079828039
1956,1,adult,0.00350335303085664
1957,1,adult,0.00392055807215621
1958,1,adult,0.00607664343785289
1959,1,adult,0.0113125163851701
1960,1,adult,0.00727442744140505
1961,1,adult,0.00847142633753206
1962,1,adult,0.0156487913032493
1963,1,adult,0.00752725763893984
1964,1,adult,0.0107417283580143
1965,1,adult,0.00945922999222188
1966,1,adult,0.0127423964368015
1967,1,adult,0.0102396607956062
1968,1,adult,0.0132970929533746
1969,1,adult,0.0101287417360232
1970,1,adult,0.0170541367932079
1971,1,adult,0.0111789840493169
1972,1,adult,0.0117483732851047
1973,1,adult,0.0164323204732016
1974,1,adult,0.0213005697859906
1975,1,adult,0.0160247554273307
1976,1,adult,0.0211060720674233
1977,1,adult,0.0194852606513425
1978,1,adult,0.022781190365985
1979,1,adult,0.0309507441452068
1980,1,adult,0.0317346496508437
1981,1,adult,0.023018594842031
1982,1,adult,0.016544175260058
1983,1,adult,0.0208266162146982
1984,1,adult,0.0255782313798653
1985,1,adult,0.0336936243402461
1986,1,adult,0.0223413882819281
1987,1,adult,0.0203405612074819
1988,1,adult,0.0249304626026209
1989,1,adult,0.0240339633878766
1990,1,adult,0.0201573906755767
1991,1,adult,0.0216989091091328
1992,1,adult,0.0256911092639064
1993,1,adult,0.0274810900414362
1994,1,adult,0.0150116909999432
1995,1,adult,0.0308667426486167
1996,1,adult,0.0185677180992922
1997,1,adult,0.0204585096307775
1998,1,adult,0.0235847810853389
1999,1,adult,0.0309289434071754
2000,1,adult,0.0310802878400372
2001,1,adult,0.0221688274329408
2002,1,adult,0.0197909588193401
2003,1,adult,0.0409249642743074
2004,1,adult,0.0349880727694157
2005,1,adult,0.0391590775614256
2006,1,adult,0.0428856681953144
2007,1,adult,0.0280903376355778
2008,1,adult,0.0464835758191735
2009,1,adult,0.0340295701012756
2010,1,adult,0.0325873103008245
2011,1,adult,0.0430232805479231
2012,1,adult,0.0436709061846559
2013,1,adult,0.0310904361466269
2014,1,adult,0.0204484374463577
2015,1,adult,0.030564409537656
2016,1,adult,0.0509618941236107
2017,1,adult,0.0617853021133396
2018,1,adult,0.0553207166848183
2019,1,adult,0.0532490325081001
2020,1,adult,0.0321452703709278
2021,1,adult,0.0441556963665727
2022,1,adult,0.0309460148600361
2023,1,adult,0.0467539254035709
2024,1,adult,0.0784024542493847
1952,2,adult,0.00118960994177937
1953,2,adult,0.000826255918580645
1954,2,adult,0.000816631268184606
1955,2,adult,0.000608520821520869
1956,2,adult,0.000809868814921243
1957,2,adult,0.00047308320465597
1958,2,adult,0.00328459449813967
1959,2,adult,0.00322046196569797
1960,2,adult,0.00304207209131004
1961,2,adult,0.00404786405862348
1962,2,adult,0.0048165966009878
1963,2,adult,0.00422112095491683
1964,2,adult,0.00473209134154794
1965,2,adult,0.00624007833053142
1966,2,adult,0.00713264868887835
1967,2,adult,0.00678255439932477
1968,2,adult,0.00978510317976182
1969,2,adult,0.00886651291765687
1970,2,adult,0.0183208173561143
1971,2,adult,0.0156276748266966
1972,2,adult,0.0137192033115899
1973,2,adult,0.0242543115132118
1974,2,adult,0.0285033383226874
1975,2,adult,0.0373012497194798
1976,2,adult,0.0361530277851144
1977,2,adult,0.0460703223523235
1978,2,adult,0.0610620088393123
1979,2,adult,0.0744139814586005
1980,2,adult,0.0587458986988348
1981,2,adult,0.0685375804284609
1982,2,adult,0.0618118297089468
1983,2,adult,0.0724354347095074
1984,2,adult,0.0736084145826856
1985,2,adult,0.0696327372366312
1986,2,adult,0.0646384622784568
1987,2,adult,0.0712383509363845
1988,2,adult,0.0729462550907115
1989,2,adult,0.0749702897542798
1990,2,adult,0.0846902507017883
1991,2,adult,0.104832583425295
1992,2,adult,0.106254179437679
1993,2,adult,0.0990871448318334
1994,2,adult,0.129906485280927
1995,2,adult,0.170759131548259
1996,2,adult,0.220645644982272
1997,2,adult,0.170918515133465
1998,2,adult,0.194757895298827
1999,2,adult,0.205861649995024
2000,2,adult,0.255887041232891
2001,2,adult,0.326753425362113
2002,2,adult,0.321010275632518
2003,2,adult,0.320266929813209
2004,2,adult,0.318621368952158
2005,2,adult,0.251119578299439
2006,2,adult,0.257429576034326
2007,2,adult,0.281772298500637
2008,2,adult,0.303429928794149
2009,2,adult,0.327388128370255
2010,2,adult,0.31805876915858
2011,2,adult,0.35346943665246
2012,2,adult,0.428513927308556
2013,2,adult,0.48605158084499
2014,2,adult,0.723573269819042
2015,2,adult,0.623836852967664
2016,2,adult,0.475629861752208
2017,2,adult,0.357523869908206
2018,2,adult,0.511540374305281
2019,2,adult,0.516915015886811
2020,2,adult,0.408506020191436
2021,2,adult,0.451634844365568
2022,2,adult,0.450041245028025
2023,2,adult,0.453744255380229
2024,2,adult,0.810653906518227
1952,3,adult,0.000917108291751262
1953,3,adult,0.00214227389947522
1954,3,adult,0.00147157685558498
1955,3,adult,0.000705302943964342
1956,3,adult,0.00197298282007882
1957,3,adult,0.00411483654842111
1958,3,adult,0.00235793430559229
1959,3,adult,0.000655146056506274
1960,3,adult,0.00278352405673826
1961,3,adult,0.00304048330306399
1962,3,adult,0.00576233140544015
1963,3,adult,0.00216706455241726
1964,3,adult,0.00160056176439392
1965,3,adult,0.00126953464668023
1966,3,adult,0.00395026537723291
1967,3,adult,0.00257121811353495
1968,3,adult,0.00323068999612013
1969,3,adult,0.000883713613402405
1970,3,adult,0.000625060769363058
1971,3,adult,0.00410911951292585
1972,3,adult,0.00295687916115093
1973,3,adult,0.00803180142178051
1974,3,adult,0.00290032498872001
1975,3,adult,0.003154045701951
1976,3,adult,0.00433779322627902
1977,3,adult,0.0052864675735236
1978,3,adult,0.00679584369553947
1979,3,adult,0.00445575953554488
1980,3,adult,0.0145822535390375
1981,3,adult,0.0162313218987682
1982,3,adult,0.0187930114894671
1983,3,adult,0.0269392815247159
1984,3,adult,0.0296888038669468
1985,3,adult,0.0301447506283026
1986,3,adult,0.0220717094369764
1987,3,adult,0.0119379385886249
1988,3,adult,0.0118295973025066
1989,3,adult,0.0730839894655711
1990,3,adult,0.045559848483801
1991,3,adult,0.0929110310197074
1992,3,adult,0.0442640447235074
1993,3,adult,0.0325975427301242
1994,3,adult,0.0229573915055522
1995,3,adult,0.0696962894448403
1996,3,adult,0.054445684228169
1997,3,adult,0.0510947922894114
1998,3,adult,0.0701128434367997
1999,3,adult,0.0425947483005026
2000,3,adult,0.071557574966274
2001,3,adult,0.0855575494035697
2002,3,adult,0.066008009374296
2003,3,adult,0.184477707243354
2004,3,adult,0.0946977416610326
2005,3,adult,0.115855313038374
2006,3,adult,0.130486682092198
2007,3,adult,0.1349986319824
2008,3,adult,0.162086245836647
2009,3,adult,0.171625880133807
2010,3,adult,0.283520551771583
2011,3,adult,0.238926442265949
2012,3,adult,0.278763017263803
2013,3,adult,0.248811737701832
2014,3,adult,0.179884332996364
2015,3,adult,0.0948398409547809
2016,3,adult,0.151564072200685
2017,3,adult,0.233502203803451
2018,3,adult,0.143474939915263
2019,3,adult,0.0977674790737465
2020,3,adult,0.174298283989077
2021,3,adult,0.0944034939283561
2022,3,adult,0.122915290540745
2023,3,adult,0.171901401999664
2024,3,adult,0.231350294475205
1952,4,adult,0.00168864111736981
1953,4,adult,0.00220017869891753
1954,4,adult,0.00088601755350099
1955,4,adult,0.00265005809293475
1956,4,adult,0.00236634655794454
1957,4,adult,0.00467198086147752
1958,4,adult,0.00571615683360969
1959,4,adult,0.00575363797937194
1960,4,adult,0.00726630669316237
1961,4,adult,0.00814683392014854
1962,4,adult,0.00717181919403258
1963,4,adult,0.00960345188408306
1964,4,adult,0.00779176440247351
1965,4,adult,0.00741496962068626
1966,4,adult,0.0103855784797629
1967,4,adult,0.00667821203756997
1968,4,adult,0.00918639137860442
1969,4,adult,0.0110548184465537
1970,4,adult,0.00939662170223945
1971,4,adult,0.0082398522248603
1972,4,adult,0.0110030882481362
1973,4,adult,0.00768640261141136
1974,4,adult,0.00614661503675175
1975,4,adult,0.00750447214845884
1976,4,adult,0.0129645482377661
1977,4,adult,0.0184196231494554
1978,4,adult,0.0159889792674258
1979,4,adult,0.0187588966495818
1980,4,adult,0.0245202351441366
1981,4,adult,0.0183309824111917
1982,4,adult,0.0255283815474668
1983,4,adult,0.0314016437182902
1984,4,adult,0.0260004778716115
1985,4,adult,0.0241572096935236
1986,4,adult,0.026256921790679
1987,4,adult,0.0432433703850058
1988,4,adult,0.0332377292503337
1989,4,adult,0.0310311428724505
1990,4,adult,0.0649872204968025
1991,4,adult,0.0536183420642081
1992,4,adult,0.110968934962564
1993,4,adult,0.136155457884407
1994,4,adult,0.159319823850134
1995,4,adult,0.102871473951856
1996,4,adult,0.0779473308979019
1997,4,adult,0.151827277163405
1998,4,adult,0.198516654991145
1999,4,adult,0.124317771145929
2000,4,adult,0.140818155308577
2001,4,adult,0.170852042386469
2002,4,adult,0.15553230417594
2003,4,adult,0.110122973625561
2004,4,adult,0.118240452964808
2005,4,adult,0.155882957647279
2006,4,adult,0.11575335966127
2007,4,adult,0.118081534616044
2008,4,adult,0.148038950365748
2009,4,adult,0.0981991240524685
2010,4,adult,0.127943763403833
2011,4,adult,0.116425473463025
2012,4,adult,0.211397870965429
2013,4,adult,0.106022820995002
2014,4,adult,0.188258919865617
2015,4,adult,0.176221774655854
2016,4,adult,0.163831023909405
2017,4,adult,0.187951641196592
2018,4,adult,0.16073964699176
2019,4,adult,0.197806021067903
2020,4,adult,0.1333814821049
2021,4,adult,0.139865535786376
2022,4,adult,0.104899841027863
2023,4,adult,0.200232329176977
2024,4,adult,0.1438554046592
1952,5,adult,0.00016761955435257
1953,5,adult,0.00121191141279205
1954,5,adult,0.00389855795503711
1955,5,adult,0.0018188337881591
1956,5,adult,0.00141993983210188
1957,5,adult,0.00363741404934175
1958,5,adult,0.00377030819277212
1959,5,adult,0.00223975923779089
1960,5,adult,0.00345438910604533
1961,5,adult,0.00389497489150508
1962,5,adult,0.00549166621182325
1963,5,adult,0.0054595722239248
1964,5,adult,0.00430905389277226
1965,5,adult,0.00493113501602484
1966,5,adult,0.00766448814562737
1967,5,adult,0.00389686409691026
1968,5,adult,0.00315240364799711
1969,5,adult,0.00510943051430949
1970,5,adult,0.00516957563022281
1971,5,adult,0.00616111628449037
1972,5,adult,0.00539516435624111
1973,5,adult,0.0101798133952903
1974,5,adult,0.00634026971477291
1975,5,adult,0.00263607551404622
1976,5,adult,0.00432805406340535
1977,5,adult,0.00322760686725132
1978,5,adult,0.0042966557665707
1979,5,adult,0.00653918607382407
1980,5,adult,0.00751766785404193
1981,5,adult,0.00962692734038613
1982,5,adult,0.00505620979400838
1983,5,adult,0.00673107271800567
1984,5,adult,0.0034481324838204
1985,5,adult,0.00811743118135424
1986,5,adult,0.00460579230639627
1987,5,adult,0.00681771064993894
1988,5,adult,0.0134478144508396
1989,5,adult,0.00646783705417481
1990,5,adult,0.00930292104307237
1991,5,adult,0.00663913505622093
1992,5,adult,0.00740280452246144
1993,5,adult,0.011424733376051
1994,5,adult,0.0146571117026263
1995,5,adult,0.0179285647218942
1996,5,adult,0.018784432655379
1997,5,adult,0.0148336579979748
1998,5,adult,0.0155430400609039
1999,5,adult,0.0130042697699735
2000,5,adult,0.0191055426652424
2001,5,adult,0.0209352172236305
2002,5,adult,0.0309541367201967
2003,5,adult,0.04641146382768
2004,5,adult,0.0443727376056479
2005,5,adult,0.0286278316793291
2006,5,adult,0.0345226369545618
2007,5,adult,0.0371201510108219
2008,5,adult,0.0395575830489944
2009,5,adult,0.04009166173719
2010,5,adult,0.0506747170370685
2011,5,adult,0.0479019176971537
2012,5,adult,0.0398117128782833
2013,5,adult,0.0291509842017523
2014,5,adult,0.0498464843466785
2015,5,adult,0.0479229094919003
2016,5,adult,0.0337881290450491
2017,5,adult,0.0493726751350438
2018,5,adult,0.0333205607765565
2019,5,adult,0.0415238622717143
2020,5,adult,0.043276264653199
2021,5,adult,0.0297844142772566
2022,5,adult,0.0305489118009744
2023,5,adult,0.0346166169992112
2024,5,adult,0.0407375298574249
1952,all,adult,0.00146756846841423
1953,all,adult,0.00182411494000759
1954,all,adult,0.00194852892718425
1955,all,adult,0.00206302885891755
1956,all,adult,0.00189530682224634
1957,all,adult,0.00348385555306806
1958,all,adult,0.00440949844900908
1959,all,adult,0.00452524297572407
1960,all,adult,0.00512538542390696
1961,all,adult,0.00582607366093553
1962,all,adult,0.00712852455870713
1963,all,adult,0.00650610106378576
1964,all,adult,0.00591384249146946
1965,all,adult,0.00601498056958144
1966,all,adult,0.00848237770939457
1967,all,adult,0.00589691923838591
1968,all,adult,0.00760901366821573
1969,all,adult,0.00788569307014375
1970,all,adult,0.00978556627611228
1971,all,adult,0.00875614352738229
1972,all,adult,0.00916188576942832
1973,all,adult,0.0119188235108229
1974,all,adult,0.0113601195198488
1975,all,adult,0.0120740566295716
1976,all,adult,0.0149394228475516
1977,all,adult,0.0182397475980985
1978,all,adult,0.0208332016700111
1979,all,adult,0.0252850407335229
1980,all,adult,0.026051872405402
1981,all,adult,0.0249905898515335
1982,all,adult,0.0250008762798021
1983,all,adult,0.0307289685663729
1984,all,adult,0.0289737842568596
1985,all,adult,0.0293796543492997
1986,all,adult,0.0266354955478081
1987,all,adult,0.0332853842750457
1988,all,adult,0.0317696996924319
1989,all,adult,0.0366300471661461
1990,all,adult,0.047362711409149
1991,all,adult,0.0519573393773521
1992,all,adult,0.0673639287311819
1993,all,adult,0.0728932752225893
1994,all,adult,0.0819655738051004
1995,all,adult,0.0777830023877292
1996,all,adult,0.0726263391269871
1997,all,adult,0.088609644751735
1998,all,adult,0.10840415470674
1999,all,adult,0.0836243052696139
2000,all,adult,0.10039617079271
2001,all,adult,0.118660449761319
2002,all,adult,0.111663358299292
2003,all,adult,0.116616504312126
2004,all,adult,0.109137066216963
2005,all,adult,0.113267139191081
2006,all,adult,0.104737962358484
2007,all,adult,0.108852135574068
2008,all,adult,0.129057147335312
2009,all,adult,0.114299756798485
2010,all,adult,0.13455541229709
2011,all,adult,0.131755925580212
2012,all,adult,0.176176829029119
2013,all,adult,0.134882667875658
2014,all,adult,0.180330082391654
2015,all,adult,0.150715600839489
2016,all,adult,0.138523025307343
2017,all,adult,0.150739895361477
2018,all,adult,0.149355741746891
2019,all,adult,0.157089082982318
2020,all,adult,0.127819513702957
2021,all,adult,0.125522546999545
2022,all,adult,0.112141632445133
2023,all,adult,0.151927934423781
2024,all,adult,0.175471229796659
1952,1,juvenile,0.0172694234154241
1953,1,juvenile,0.0337051110989114
1954,1,juvenile,0.0352407112264111
1955,1,juvenile,0.0277657145475143
1956,1,juvenile,0.0229015087284218
1957,1,juvenile,0.0122227114982124
1958,1,juvenile,0.0183879607515989
1959,1,juvenile,0.0251966129232141
1960,1,juvenile,0.016330073252153
1961,1,juvenile,0.030538728970253
1962,1,juvenile,0.0385523247948866
1963,1,juvenile,0.0169001892946463
1964,1,juvenile,0.0285367834376722
1965,1,juvenile,0.0210519561382514
1966,1,juvenile,0.0215623197829632
1967,1,juvenile,0.0250185236062668
1968,1,juvenile,0.0225700584515227
1969,1,juvenile,0.0259967056204406
1970,1,juvenile,0.0256331903978872
1971,1,juvenile,0.0282864254112883
1972,1,juvenile,0.0354327817382796
1973,1,juvenile,0.0343348824118121
1974,1,juvenile,0.0321991199300592
1975,1,juvenile,0.0351543060864119
1976,1,juvenile,0.0421035967027012
1977,1,juvenile,0.0362942280801841
1978,1,juvenile,0.0461156495002204
1979,1,juvenile,0.0508562238335114
1980,1,juvenile,0.0506221937126312
1981,1,juvenile,0.0559987245573406
1982,1,juvenile,0.0465011336342663
1983,1,juvenile,0.0505557920627602
1984,1,juvenile,0.0616108907361304
1985,1,juvenile,0.0618115787552621
1986,1,juvenile,0.0397892628266432
1987,1,juvenile,0.0418037634907028
1988,1,juvenile,0.0431922573988564
1989,1,juvenile,0.0477871643198275
1990,1,juvenile,0.0348339225878265
1991,1,juvenile,0.0309984998141765
1992,1,juvenile,0.0427616690900151
1993,1,juvenile,0.033696702494463
1994,1,juvenile,0.0261569386890283
1995,1,juvenile,0.0372249008030817
1996,1,juvenile,0.0334926705454923
1997,1,juvenile,0.0336743851294686
1998,1,juvenile,0.0378868880464259
1999,1,juvenile,0.0539062684192584
2000,1,juvenile,0.053299081336829
2001,1,juvenile,0.0448938471000085
2002,1,juvenile,0.0526292473201177
2003,1,juvenile,0.0609821280665831
2004,1,juvenile,0.0594066521082668
2005,1,juvenile,0.0733198424658657
2006,1,juvenile,0.0879058830701297
2007,1,juvenile,0.0593540368474897
2008,1,juvenile,0.065993763205983
2009,1,juvenile,0.0777515228179715
2010,1,juvenile,0.0769463466853772
2011,1,juvenile,0.0829549373304631
2012,1,juvenile,0.0689478167060289
2013,1,juvenile,0.0487598210782673
2014,1,juvenile,0.0393585859435872
2015,1,juvenile,0.0451350081769975
2016,1,juvenile,0.0606937130547489
2017,1,juvenile,0.0527680340494315
2018,1,juvenile,0.0557650156712313
2019,1,juvenile,0.0440013603761985
2020,1,juvenile,0.0338479085337433
2021,1,juvenile,0.0377999413009545
2022,1,juvenile,0.0332621554717325
2023,1,juvenile,0.0541679116314374
2024,1,juvenile,0.0556414989207785
1952,2,juvenile,0.000372675568434731
1953,2,juvenile,0.000258845667259594
1954,2,juvenile,0.000255830498607162
1955,2,juvenile,0.000190634616274029
1956,2,juvenile,0.000253711994364939
1957,2,juvenile,0.000148205345197864
1958,2,juvenile,0.000345957936780732
1959,2,juvenile,0.00047877051792483
1960,2,juvenile,0.000436854017556093
1961,2,juvenile,0.000700165346872187
1962,2,juvenile,0.00089809291058239
1963,2,juvenile,0.000705459435058021
1964,2,juvenile,0.000554736515495994
1965,2,juvenile,0.000854783373479869
1966,2,juvenile,0.000940944179037813
1967,2,juvenile,0.000969868927222571
1968,2,juvenile,0.00106283835493084
1969,2,juvenile,0.000914375419813414
1970,2,juvenile,0.168683605019734
1971,2,juvenile,0.11829521837188
1972,2,juvenile,0.0748307762873367
1973,2,juvenile,0.121173990511778
1974,2,juvenile,0.104548649808818
1975,2,juvenile,0.0780370744981542
1976,2,juvenile,0.0531490574325589
1977,2,juvenile,0.117040372640778
1978,2,juvenile,0.0815062746567798
1979,2,juvenile,0.120071278032879
1980,2,juvenile,0.0969557222894984
1981,2,juvenile,0.0994899665659306
1982,2,juvenile,0.0857014388215195
1983,2,juvenile,0.118265390529136
1984,2,juvenile,0.0952426289455957
1985,2,juvenile,0.092518990288372
1986,2,juvenile,0.110786923587237
1987,2,juvenile,0.112180542003387
1988,2,juvenile,0.156944167219545
1989,2,juvenile,0.193829734230295
1990,2,juvenile,0.26930258420625
1991,2,juvenile,0.419256539891159
1992,2,juvenile,0.263217973224051
1993,2,juvenile,0.186439073010703
1994,2,juvenile,0.218781602307927
1995,2,juvenile,0.232558835835226
1996,2,juvenile,0.325356496216684
1997,2,juvenile,0.299093285132549
1998,2,juvenile,0.310672283181646
1999,2,juvenile,0.263283384416949
2000,2,juvenile,0.291900474118792
2001,2,juvenile,0.278732505126878
2002,2,juvenile,0.275535589161113
2003,2,juvenile,0.320055529693411
2004,2,juvenile,0.391384883532505
2005,2,juvenile,0.318098627265104
2006,2,juvenile,0.281175657999547
2007,2,juvenile,0.331992867865751
2008,2,juvenile,0.375328845071402
2009,2,juvenile,0.341005487366116
2010,2,juvenile,0.283898928879667
2011,2,juvenile,0.23521624014492
2012,2,juvenile,0.256524567797847
2013,2,juvenile,0.264492730356445
2014,2,juvenile,0.228529314321627
2015,2,juvenile,0.279931180219033
2016,2,juvenile,0.35375390973661
2017,2,juvenile,0.406777804645162
2018,2,juvenile,0.368784058132732
2019,2,juvenile,0.479953091608351
2020,2,juvenile,0.64786761015936
2021,2,juvenile,0.564823365935809
2022,2,juvenile,0.630283286486475
2023,2,juvenile,0.448108135508806
2024,2,juvenile,0.170008437111146
1952,3,juvenile,0.000683638074918262
1953,3,juvenile,0.00159691049811287
1954,3,juvenile,0.00109695427806074
1955,3,juvenile,0.000525752444744457
1956,3,juvenile,0.00147071634116802
1957,3,juvenile,0.00306731369986841
1958,3,juvenile,0.00175766984615815
1959,3,juvenile,0.000488364083826749
1960,3,juvenile,0.00207491638548825
1961,3,juvenile,0.00226646082036834
1962,3,juvenile,0.00429540206706675
1963,3,juvenile,0.00161539013573096
1964,3,juvenile,0.00119310330858929
1965,3,juvenile,0.000946346414975696
1966,3,juvenile,0.00294463767323578
1967,3,juvenile,0.00195580927460927
1968,3,juvenile,0.002408246232878
1969,3,juvenile,0.000667296726858795
1970,3,juvenile,0.000888070451681317
1971,3,juvenile,0.00421659674130918
1972,3,juvenile,0.014100434183868
1973,3,juvenile,0.016433341148617
1974,3,juvenile,0.0194931280802986
1975,3,juvenile,0.0236060679761662
1976,3,juvenile,0.0621465030009393
1977,3,juvenile,0.0416447501371663
1978,3,juvenile,0.034787570317829
1979,3,juvenile,0.0256139666059788
1980,3,juvenile,0.0406912247562981
1981,3,juvenile,0.0565739022748693
1982,3,juvenile,0.0834602446621547
1983,3,juvenile,0.160719114296524
1984,3,juvenile,0.187917975612453
1985,3,juvenile,0.211597135149771
1986,3,juvenile,0.14161144261579
1987,3,juvenile,0.0979382908274379
1988,3,juvenile,0.0898254808640456
1989,3,juvenile,0.480992510053104
1990,3,juvenile,0.348469427346702
1991,3,juvenile,0.6175936930717
1992,3,juvenile,0.342503882338469
1993,3,juvenile,0.241635414865612
1994,3,juvenile,0.163290471689867
1995,3,juvenile,0.458231109440937
1996,3,juvenile,0.431217331631019
1997,3,juvenile,0.415850970967602
1998,3,juvenile,0.546995573184942
1999,3,juvenile,0.349502825476734
2000,3,juvenile,0.479631272798393
2001,3,juvenile,0.576533880263921
2002,3,juvenile,0.510435634898113
2003,3,juvenile,1.1458233814752
2004,3,juvenile,0.684476796818917
2005,3,juvenile,0.811044606740896
2006,3,juvenile,0.915019360709288
2007,3,juvenile,0.864789460685587
2008,3,juvenile,1.01029164301344
2009,3,juvenile,1.1109384458191
2010,3,juvenile,1.50800369285306
2011,3,juvenile,1.39105971777892
2012,3,juvenile,1.54719901228607
2013,3,juvenile,1.41701272299289
2014,3,juvenile,0.977242054705282
2015,3,juvenile,0.521790322445783
2016,3,juvenile,0.800421370372315
2017,3,juvenile,1.19819281446014
2018,3,juvenile,0.688018217229665
2019,3,juvenile,0.457281647026513
2020,3,juvenile,0.857472005811325
2021,3,juvenile,0.473669848528309
2022,3,juvenile,0.589236810688516
2023,3,juvenile,0.815461356732932
2024,3,juvenile,1.11983658027768
1952,4,juvenile,0.000572693998189958
1953,4,juvenile,0.000705472321008809
1954,4,juvenile,0.000283688759034865
1955,4,juvenile,0.000777945183674994
1956,4,juvenile,0.000811039089776104
1957,4,juvenile,0.00146004180191222
1958,4,juvenile,0.0017432679627624
1959,4,juvenile,0.00164863273133434
1960,4,juvenile,0.0021732492575128
1961,4,juvenile,0.00267575785523542
1962,4,juvenile,0.00238806826688163
1963,4,juvenile,0.00298997858752505
1964,4,juvenile,0.00256766445825454
1965,4,juvenile,0.00212761422160044
1966,4,juvenile,0.00365407487394889
1967,4,juvenile,0.00213626888436761
1968,4,juvenile,0.00305034665947077
1969,4,juvenile,0.00377134918953016
1970,4,juvenile,0.00275652525488773
1971,4,juvenile,0.00290762024099651
1972,4,juvenile,0.00431781496880538
1973,4,juvenile,0.00384320429265926
1974,4,juvenile,0.0032750888818337
1975,4,juvenile,0.00395819427962709
1976,4,juvenile,0.0077919489057325
1977,4,juvenile,0.00909942697183509
1978,4,juvenile,0.00894411135061883
1979,4,juvenile,0.00993053155322852
1980,4,juvenile,0.013813747873609
1981,4,juvenile,0.0241906535600709
1982,4,juvenile,0.0382570508421732
1983,4,juvenile,0.0452235723465727
1984,4,juvenile,0.0581176602962465
1985,4,juvenile,0.0325758089399827
1986,4,juvenile,0.0611163748503842
1987,4,juvenile,0.0924959883297464
1988,4,juvenile,0.0818588037639356
1989,4,juvenile,0.0754340778038346
1990,4,juvenile,0.130149420610355
1991,4,juvenile,0.147077728997482
1992,4,juvenile,0.256929650306266
1993,4,juvenile,0.256139293650142
1994,4,juvenile,0.243964861947088
1995,4,juvenile,0.152248328824319
1996,4,juvenile,0.128179461856591
1997,4,juvenile,0.226677362019532
1998,4,juvenile,0.275636380780466
1999,4,juvenile,0.310820368948308
2000,4,juvenile,0.233778728879991
2001,4,juvenile,0.208796395892067
2002,4,juvenile,0.247034114077634
2003,4,juvenile,0.215229198416838
2004,4,juvenile,0.279050837801056
2005,4,juvenile,0.277930857409612
2006,4,juvenile,0.235283713908577
2007,4,juvenile,0.21446502057195
2008,4,juvenile,0.20141118730524
2009,4,juvenile,0.202830541886924
2010,4,juvenile,0.193215151615072
2011,4,juvenile,0.214196809887409
2012,4,juvenile,0.19242200246279
2013,4,juvenile,0.183130989335751
2014,4,juvenile,0.17234930831118
2015,4,juvenile,0.174921223418194
2016,4,juvenile,0.201017783385571
2017,4,juvenile,0.197835950153602
2018,4,juvenile,0.195346667513375
2019,4,juvenile,0.167350167756896
2020,4,juvenile,0.211662178833875
2021,4,juvenile,0.17990330341256
2022,4,juvenile,0.147342807293054
2023,4,juvenile,0.138340806277372
2024,4,juvenile,0.126035180344475
1952,5,juvenile,7.46227501667997e-05
1953,5,juvenile,0.000539532301576953
1954,5,juvenile,0.00173560367803276
1955,5,juvenile,0.000809728798840614
1956,5,juvenile,0.000632144705135617
1957,5,juvenile,0.001619344652342
1958,5,juvenile,0.0016785079829568
1959,5,juvenile,0.000997121092596971
1960,5,juvenile,0.00153786366645228
1961,5,juvenile,0.0017340085716721
1962,5,juvenile,0.0024448413592149
1963,5,juvenile,0.00243055348774476
1964,5,juvenile,0.00191835287793024
1965,5,juvenile,0.00219529794377206
1966,5,juvenile,0.00341216256103676
1967,5,juvenile,0.00173484964343464
1968,5,juvenile,0.00140342240499272
1969,5,juvenile,0.00227467355500317
1970,5,juvenile,0.00230144970565711
1971,5,juvenile,0.0027428747240904
1972,5,juvenile,0.0024018795473526
1973,5,juvenile,0.00453196351320293
1974,5,juvenile,0.00282263235817652
1975,5,juvenile,0.00117355761722681
1976,5,juvenile,0.00192681154331948
1977,5,juvenile,0.00143690224147679
1978,5,juvenile,0.00191283343806423
1979,5,juvenile,0.0029111881063117
1980,5,juvenile,0.00334679968868597
1981,5,juvenile,0.00428582356193453
1982,5,juvenile,0.00225098023068956
1983,5,juvenile,0.00299661434822852
1984,5,juvenile,0.00153507826394683
1985,5,juvenile,0.00360912439009286
1986,5,juvenile,0.00204438724623491
1987,5,juvenile,0.00227230450488036
1988,5,juvenile,0.00534514058123414
1989,5,juvenile,0.00257331132834222
1990,5,juvenile,0.00366662300799731
1991,5,juvenile,0.0023395834980467
1992,5,juvenile,0.00243326164965625
1993,5,juvenile,0.0044344255779986
1994,5,juvenile,0.00556422483832528
1995,5,juvenile,0.00666101093161686
1996,5,juvenile,0.00651914078984189
1997,5,juvenile,0.00533535922823805
1998,5,juvenile,0.00514309943263769
1999,5,juvenile,0.00448880917873468
2000,5,juvenile,0.00678200346314815
2001,5,juvenile,0.00687653512141519
2002,5,juvenile,0.0100142899798743
2003,5,juvenile,0.0164980614534339
2004,5,juvenile,0.016939434714647
2005,5,juvenile,0.0109436274226195
2006,5,juvenile,0.0130010641573965
2007,5,juvenile,0.0150984603577267
2008,5,juvenile,0.0157353301197378
2009,5,juvenile,0.0165891847341847
2010,5,juvenile,0.0212248728020144
2011,5,juvenile,0.0196416611179633
2012,5,juvenile,0.0164354878852781
2013,5,juvenile,0.0118300063555818
2014,5,juvenile,0.0206243475281585
2015,5,juvenile,0.0195763829545539
2016,5,juvenile,0.0139299567514397
2017,5,juvenile,0.0206126275197967
2018,5,juvenile,0.0137629237980452
2019,5,juvenile,0.0167021762508644
2020,5,juvenile,0.0175591578044853
2021,5,juvenile,0.0120389134812343
2022,5,juvenile,0.012530748204836
2023,5,juvenile,0.0140834070894006
2024,5,juvenile,0.0159035679079298
1952,all,juvenile,0.000753881777742452
1953,all,juvenile,0.00115008068376191
1954,all,juvenile,0.00135891750432263
1955,all,juvenile,0.00126240539293618
1956,all,juvenile,0.00128437018438557
1957,all,juvenile,0.00161256762545775
1958,all,juvenile,0.0019512892646193
1959,all,juvenile,0.00213236453976514
1960,all,juvenile,0.00225299275244736
1961,all,juvenile,0.0030726167119108
1962,all,juvenile,0.00366756173399473
1963,all,juvenile,0.00251336635629248
1964,all,juvenile,0.00251327774410596
1965,all,juvenile,0.00221715639142408
1966,all,juvenile,0.00326066242576603
1967,all,juvenile,0.00249691880411515
1968,all,juvenile,0.00284587668350972
1969,all,juvenile,0.0031330085010006
1970,all,juvenile,0.0481387316010454
1971,all,juvenile,0.0444290903351208
1972,all,juvenile,0.0357660929961146
1973,all,juvenile,0.0613046777220133
1974,all,juvenile,0.0633826294278542
1975,all,juvenile,0.0528658135013034
1976,all,juvenile,0.0420635942222834
1977,all,juvenile,0.0817312347225453
1978,all,juvenile,0.0563981247582685
1979,all,juvenile,0.0782063766948564
1980,all,juvenile,0.065287011718095
1981,all,juvenile,0.072609816220575
1982,all,juvenile,0.0709454891497769
1983,all,juvenile,0.0977377399115914
1984,all,juvenile,0.0890351398066852
1985,all,juvenile,0.0798228672830427
1986,all,juvenile,0.0955986575224898
1987,all,juvenile,0.101387666137716
1988,all,juvenile,0.120372824558469
1989,all,juvenile,0.157636645737487
1990,all,juvenile,0.19894911550727
1991,all,juvenile,0.283617399291111
1992,all,juvenile,0.220506887521908
1993,all,juvenile,0.176585896667863
1994,all,juvenile,0.186749624584494
1995,all,juvenile,0.193066115800094
1996,all,juvenile,0.237220759850888
1997,all,juvenile,0.262186261368745
1998,all,juvenile,0.29553841695226
1999,all,juvenile,0.266590483240035
2000,all,juvenile,0.280233435354333
2001,all,juvenile,0.272745259115241
2002,all,juvenile,0.277121337617967
2003,all,juvenile,0.330464027851581
2004,all,juvenile,0.373040422895876
2005,all,juvenile,0.332415887716004
2006,all,juvenile,0.293865283294878
2007,all,juvenile,0.315789205707717
2008,all,juvenile,0.341013658904295
2009,all,juvenile,0.318885059742402
2010,all,juvenile,0.291317024814101
2011,all,juvenile,0.255821999574287
2012,all,juvenile,0.261695986691752
2013,all,juvenile,0.25777130982145
2014,all,juvenile,0.224426799756336
2015,all,juvenile,0.246178563112905
2016,all,juvenile,0.311108312687944
2017,all,juvenile,0.345202578405423
2018,all,juvenile,0.306178920751243
2019,all,juvenile,0.33266645024786
2020,all,juvenile,0.405024449399458
2021,all,juvenile,0.345575510986272
2022,all,juvenile,0.382451405792284
2023,all,juvenile,0.331840260931042
2024,all,juvenile,0.189475262264283
